Scientific Name,Q-number,Language,Wikipedia Title,Extracted Q-number
Acacia saligna,Q402385,de,Weidenblatt-Akazie,Q402385
Acacia saligna,Q402385,en,Acacia saligna,Q402385
Acacia saligna,Q402385,es,Acacia saligna,Q402385
Acacia saligna,Q402385,fi,Siniakaasia,Q402385
Acacia saligna,Q402385,fr,Acacia saligna,Q402385
Acacia saligna,Q402385,pt,Acacia saligna,Q402385
Acacia saligna,Q402385,sv,Tårakacia,Q402385
Acridotheres tristis,Q116667,bg,Обикновена майна,Q116667
Acridotheres tristis,Q116667,cs,Majna obecná,Q116667
Acridotheres tristis,Q116667,de,Hirtenmaina,Q116667
Acridotheres tristis,Q116667,en,Common myna,Q116667
Acridotheres tristis,Q116667,es,Acridotheres tristis,Q116667
Acridotheres tristis,Q116667,fi,Pihamaina,Q116667
Acridotheres tristis,Q116667,fr,Martin triste,Q116667
Acridotheres tristis,Q116667,ga,Míona coiteann,Q116667
Acridotheres tristis,Q116667,hu,Pásztormejnó,Q116667
Acridotheres tristis,Q116667,it,Acridotheres tristis,Q116667
Acridotheres tristis,Q116667,lv,Parastā maina,Q116667
Acridotheres tristis,Q116667,nl,Treurmaina,Q116667
Acridotheres tristis,Q116667,pl,Majna brunatna,Q116667
Acridotheres tristis,Q116667,pt,Mainato-de-mascarilha-amarela,Q116667
Acridotheres tristis,Q116667,sv,Brunmajna,Q116667
Ailanthus altissima,Q159570,bg,Айлант,Q159570
Ailanthus altissima,Q159570,cs,Pajasan žláznatý,Q159570
Ailanthus altissima,Q159570,da,Skyrækker,Q159570
Ailanthus altissima,Q159570,de,Götterbaum,Q159570
Ailanthus altissima,Q159570,el,Αείλανθος ο υψηλότατος,Q159570
Ailanthus altissima,Q159570,en,Ailanthus altissima,Q159570
Ailanthus altissima,Q159570,es,Ailanthus altissima,Q159570
Ailanthus altissima,Q159570,fi,Haisujumaltenpuu,Q159570
Ailanthus altissima,Q159570,fr,Ailanthus altissima,Q159570
Ailanthus altissima,Q159570,ga,Crann na nDéithe,Q159570
Ailanthus altissima,Q159570,hr,Žljezdasti pajasen,Q159570
Ailanthus altissima,Q159570,hu,Mirigyes bálványfa,Q159570
Ailanthus altissima,Q159570,it,Ailanthus altissima,Q159570
Ailanthus altissima,Q159570,lt,Aukštasis ailantas,Q159570
Ailanthus altissima,Q159570,lv,Augstais ailants,Q159570
Ailanthus altissima,Q159570,nl,Hemelboom,Q159570
Ailanthus altissima,Q159570,pl,Bożodrzew gruczołowaty,Q159570
Ailanthus altissima,Q159570,pt,Árvore-do-céu,Q159570
Ailanthus altissima,Q159570,ro,Cenușer,Q159570
Ailanthus altissima,Q159570,sk,Pajaseň žliazkatý,Q159570
Ailanthus altissima,Q159570,sl,Veliki pajesen,Q159570
Ailanthus altissima,Q159570,sv,Gudaträd,Q159570
Alopochen aegyptiaca,Q274179,bg,Египетска гъска,Q274179
Alopochen aegyptiaca,Q274179,cs,Husice nilská,Q274179
Alopochen aegyptiaca,Q274179,da,Nilgås,Q274179
Alopochen aegyptiaca,Q274179,de,Nilgans,Q274179
Alopochen aegyptiaca,Q274179,el,Αιγυπτιακή χήνα,Q274179
Alopochen aegyptiaca,Q274179,en,Egyptian goose,Q274179
Alopochen aegyptiaca,Q274179,es,Alopochen aegyptiaca,Q274179
Alopochen aegyptiaca,Q274179,et,Vaaraohani,Q274179
Alopochen aegyptiaca,Q274179,fi,Afrikanhanhi,Q274179
Alopochen aegyptiaca,Q274179,fr,Ouette d'Égypte,Q274179
Alopochen aegyptiaca,Q274179,ga,Gé Éigipteach,Q274179
Alopochen aegyptiaca,Q274179,hu,Nílusi lúd,Q274179
Alopochen aegyptiaca,Q274179,it,Alopochen aegyptiaca,Q274179
Alopochen aegyptiaca,Q274179,lt,Egiptinė žąsis,Q274179
Alopochen aegyptiaca,Q274179,nl,Nijlgans,Q274179
Alopochen aegyptiaca,Q274179,pl,Kazarka egipska,Q274179
Alopochen aegyptiaca,Q274179,pt,Ganso-do-egito,Q274179
Alopochen aegyptiaca,Q274179,ro,Gâscă egipteană,Q274179
Alopochen aegyptiaca,Q274179,sk,Húska štíhla,Q274179
Alopochen aegyptiaca,Q274179,sv,Nilgås,Q274179
Alternanthera philoxeroides,Q1472735,de,Alligatorkraut,Q1472735
Alternanthera philoxeroides,Q1472735,en,Alternanthera philoxeroides,Q1472735
Alternanthera philoxeroides,Q1472735,es,Alternanthera philoxeroides,Q1472735
Alternanthera philoxeroides,Q1472735,fi,Vesikaijalehti,Q1472735
Alternanthera philoxeroides,Q1472735,fr,Alternanthera philoxeroides,Q1472735
Alternanthera philoxeroides,Q1472735,sv,Alternanthera philoxeroides,Q1472735
Ameiurus melas,Q998380,bg,Ameiurus melas,Q998380
Ameiurus melas,Q998380,cs,Sumeček černý,Q998380
Ameiurus melas,Q998380,de,Schwarzer Zwergwels,Q998380
Ameiurus melas,Q998380,en,Black bullhead,Q998380
Ameiurus melas,Q998380,es,Ameiurus melas,Q998380
Ameiurus melas,Q998380,fi,Mustapiikkimonni,Q998380
Ameiurus melas,Q998380,fr,Ameiurus melas,Q998380
Ameiurus melas,Q998380,hu,Fekete törpeharcsa,Q998380
Ameiurus melas,Q998380,it,Ameiurus melas,Q998380
Ameiurus melas,Q998380,nl,Zwarte dwergmeerval,Q998380
Ameiurus melas,Q998380,pl,Sumik czarny,Q998380
Ameiurus melas,Q998380,ro,Somn negru,Q998380
Ameiurus melas,Q998380,sv,Svart dvärgmal,Q998380
Andropogon virginicus,Q309785,de,Andropogon virginicus,Q309785
Andropogon virginicus,Q309785,en,Andropogon virginicus,Q309785
Andropogon virginicus,Q309785,es,Andropogon virginicus,Q309785
Andropogon virginicus,Q309785,fi,Oranssivarrasheinä,Q309785
Andropogon virginicus,Q309785,sv,Andropogon virginicus,Q309785
Arthurdendyus triangulatus,Q2698648,de,Arthurdendyus triangulatus,Q2698648
Arthurdendyus triangulatus,Q2698648,en,New Zealand flatworm,Q2698648
Arthurdendyus triangulatus,Q2698648,es,Arthurdendyus triangulatus,Q2698648
Arthurdendyus triangulatus,Q2698648,fi,Uudenseelanninlattana,Q2698648
Arthurdendyus triangulatus,Q2698648,fr,Arthurdendyus triangulatus,Q2698648
Arthurdendyus triangulatus,Q2698648,nl,Nieuw-Zeelandse landplatworm,Q2698648
Arthurdendyus triangulatus,Q2698648,pt,Arthurdendyus triangulatus,Q2698648
Arthurdendyus triangulatus,Q2698648,sv,Arthurdendyus triangulatus,Q2698648
Asclepias syriaca,Q158295,bg,Asclepias syriaca,Q158295
Asclepias syriaca,Q158295,cs,Klejicha hedvábná,Q158295
Asclepias syriaca,Q158295,de,Gewöhnliche Seidenpflanze,Q158295
Asclepias syriaca,Q158295,en,Asclepias syriaca,Q158295
Asclepias syriaca,Q158295,es,Asclepias syriaca,Q158295
Asclepias syriaca,Q158295,fi,Mesisilkkiyrtti,Q158295
Asclepias syriaca,Q158295,fr,Asclepias syriaca,Q158295
Asclepias syriaca,Q158295,hr,Prava svilenica,Q158295
Asclepias syriaca,Q158295,hu,Selyemkóró (növényfaj),Q158295
Asclepias syriaca,Q158295,it,Asclepias syriaca,Q158295
Asclepias syriaca,Q158295,lt,Sirinis klemalis,Q158295
Asclepias syriaca,Q158295,nl,Zijdeplant,Q158295
Asclepias syriaca,Q158295,pl,Trojeść amerykańska,Q158295
Asclepias syriaca,Q158295,sl,Sirska svilnica,Q158295
Asclepias syriaca,Q158295,sv,Sidenört,Q158295
Axis axis,Q232054,bg,Читал,Q232054
Axis axis,Q232054,cs,Axis indický,Q232054
Axis axis,Q232054,da,Aksishjort,Q232054
Axis axis,Q232054,de,Axishirsch,Q232054
Axis axis,Q232054,en,Chital,Q232054
Axis axis,Q232054,es,Axis axis,Q232054
Axis axis,Q232054,fi,Aksiskauris,Q232054
Axis axis,Q232054,fr,Cerf axis,Q232054
Axis axis,Q232054,ga,Síotal,Q232054
Axis axis,Q232054,hu,Pettyes szarvas,Q232054
Axis axis,Q232054,it,Axis axis,Q232054
Axis axis,Q232054,lt,Aksis,Q232054
Axis axis,Q232054,nl,Axishert,Q232054
Axis axis,Q232054,pl,Aksis czytal,Q232054
Axis axis,Q232054,pt,Axis axis,Q232054
Axis axis,Q232054,ro,Axis axis,Q232054
Axis axis,Q232054,sk,Jeleň axis,Q232054
Axis axis,Q232054,sl,Čital,Q232054
Axis axis,Q232054,sv,Axishjort,Q232054
Baccharis halimifolia,Q948018,bg,Крайморски бакхарис,Q948018
Baccharis halimifolia,Q948018,cs,Pomíšenka nepitolistá,Q948018
Baccharis halimifolia,Q948018,de,Kreuzstrauch,Q948018
Baccharis halimifolia,Q948018,en,Baccharis halimifolia,Q948018
Baccharis halimifolia,Q948018,es,Baccharis halimifolia,Q948018
Baccharis halimifolia,Q948018,fi,Pilvisutilatva,Q948018
Baccharis halimifolia,Q948018,fr,Baccharis halimifolia,Q948018
Baccharis halimifolia,Q948018,hu,Tengerparti seprűcserje,Q948018
Baccharis halimifolia,Q948018,nl,Struikaster,Q948018
Cabomba caroliniana,Q786072,bg,Каролинска кабомба,Q786072
Cabomba caroliniana,Q786072,cs,Kabomba karolínská,Q786072
Cabomba caroliniana,Q786072,de,Karolina-Haarnixe,Q786072
Cabomba caroliniana,Q786072,en,Cabomba caroliniana,Q786072
Cabomba caroliniana,Q786072,es,Cabomba caroliniana,Q786072
Cabomba caroliniana,Q786072,et,Karoliina näkijuus,Q786072
Cabomba caroliniana,Q786072,fi,Karkeaviuhkalehti,Q786072
Cabomba caroliniana,Q786072,fr,Cabomba caroliniana,Q786072
Cabomba caroliniana,Q786072,hu,Karolinai tündérhínár,Q786072
Cabomba caroliniana,Q786072,it,Cabomba caroliniana,Q786072
Cabomba caroliniana,Q786072,nl,Waterwaaier,Q786072
Cabomba caroliniana,Q786072,pl,Kabomba karolińska,Q786072
Cabomba caroliniana,Q786072,pt,Cabomba caroliniana,Q786072
Cabomba caroliniana,Q786072,sv,Kabomba,Q786072
Callosciurus erythraeus,Q860603,bg,Червенокоремна катерица,Q860603
Callosciurus erythraeus,Q860603,de,Pallashörnchen,Q860603
Callosciurus erythraeus,Q860603,en,Pallas's squirrel,Q860603
Callosciurus erythraeus,Q860603,es,Callosciurus erythraeus,Q860603
Callosciurus erythraeus,Q860603,et,Puna-kabeorav,Q860603
Callosciurus erythraeus,Q860603,fr,Callosciurus erythraeus,Q860603
Callosciurus erythraeus,Q860603,hu,Csinos tarkamókus,Q860603
Callosciurus erythraeus,Q860603,nl,Pallas' eekhoorn,Q860603
Callosciurus erythraeus,Q860603,pl,Wiewiórczak rdzawobrzuchy,Q860603
Callosciurus erythraeus,Q860603,sv,Pallasekorre,Q860603
Callosciurus finlaysonii,Q2086835,bg,Callosciurus finlaysonii,Q2086835
Callosciurus finlaysonii,Q2086835,de,Finlayson-Hörnchen,Q2086835
Callosciurus finlaysonii,Q2086835,en,Finlayson's squirrel,Q2086835
Callosciurus finlaysonii,Q2086835,es,Callosciurus finlaysonii,Q2086835
Callosciurus finlaysonii,Q2086835,fr,Callosciurus finlaysonii,Q2086835
Callosciurus finlaysonii,Q2086835,it,Callosciurus finlaysonii,Q2086835
Callosciurus finlaysonii,Q2086835,nl,Thaise eekhoorn,Q2086835
Callosciurus finlaysonii,Q2086835,pl,Wiewiórczak zmienny,Q2086835
Callosciurus finlaysonii,Q2086835,sv,Finlaysons ekorre,Q2086835
Cardiospermum grandiflorum,Q15547168,en,Cardiospermum grandiflorum,Q15547168
Cardiospermum grandiflorum,Q15547168,es,Cardiospermum grandiflorum,Q15547168
Cardiospermum grandiflorum,Q15547168,pt,Cardiospermum grandiflorum,Q15547168
Cardiospermum grandiflorum,Q15547168,sv,Cardiospermum grandiflorum,Q15547168
Celastrus orbiculatus,Q259033,cs,Jesenec okrouhlolistý,Q259033
Celastrus orbiculatus,Q259033,de,Rundblättriger Baumwürger,Q259033
Celastrus orbiculatus,Q259033,en,Celastrus orbiculatus,Q259033
Celastrus orbiculatus,Q259033,fi,Japaninkelasköynnös,Q259033
Celastrus orbiculatus,Q259033,fr,Celastrus orbiculatus,Q259033
Celastrus orbiculatus,Q259033,nl,Boomwurger,Q259033
Celastrus orbiculatus,Q259033,pl,Dławisz okrągłolistny,Q259033
Celastrus orbiculatus,Q259033,sv,Japansk träddödare,Q259033
Channa argus,Q1156826,cs,Hadohlavec skvrnitý,Q1156826
Channa argus,Q1156826,en,Northern snakehead,Q1156826
Channa argus,Q1156826,es,Channa argus,Q1156826
Channa argus,Q1156826,fi,Channa argus,Q1156826
Channa argus,Q1156826,fr,Channa argus,Q1156826
Channa argus,Q1156826,it,Channa argus,Q1156826
Channa argus,Q1156826,nl,Channa argus,Q1156826
Channa argus,Q1156826,pl,Channa argus,Q1156826
Channa argus,Q1156826,pt,Channa argus,Q1156826
Channa argus,Q1156826,sv,Nordlig ormhuvudsfisk,Q1156826
Cortaderia jubata,Q5173212,de,Cortaderia jubata,Q5173212
Cortaderia jubata,Q5173212,en,Cortaderia jubata,Q5173212
Cortaderia jubata,Q5173212,es,Cortaderia jubata,Q5173212
Cortaderia jubata,Q5173212,sv,Cortaderia jubata,Q5173212
Corvus splendens,Q507383,bg,Домашна врана,Q507383
Corvus splendens,Q507383,cs,Vrána domácí,Q507383
Corvus splendens,Q507383,de,Glanzkrähe,Q507383
Corvus splendens,Q507383,en,House crow,Q507383
Corvus splendens,Q507383,es,Corvus splendens,Q507383
Corvus splendens,Q507383,fi,Intianvaris,Q507383
Corvus splendens,Q507383,fr,Corbeau familier,Q507383
Corvus splendens,Q507383,hu,Indiai varjú,Q507383
Corvus splendens,Q507383,it,Corvus splendens,Q507383
Corvus splendens,Q507383,lv,Indijas vārna,Q507383
Corvus splendens,Q507383,nl,Huiskraai,Q507383
Corvus splendens,Q507383,pl,Wrona orientalna,Q507383
Corvus splendens,Q507383,pt,Gralha-indiana,Q507383
Corvus splendens,Q507383,ro,Cioară indiană cu gât sur,Q507383
Corvus splendens,Q507383,sv,Huskråka,Q507383
Ehrharta calycina,Q3049297,en,Ehrharta calycina,Q3049297
Ehrharta calycina,Q3049297,es,Ehrharta calycina,Q3049297
Ehrharta calycina,Q3049297,fi,Kapinnyppyheinä,Q3049297
Ehrharta calycina,Q3049297,fr,Ehrharta calycina,Q3049297
Ehrharta calycina,Q3049297,pt,Ehrharta calycina,Q3049297
Ehrharta calycina,Q3049297,sv,Ehrharta calycina,Q3049297
Eichhornia crassipes,Q690645,bg,Воден хиацинт,Q690645
Eichhornia crassipes,Q690645,cs,Tokozelka nadmutá,Q690645
Eichhornia crassipes,Q690645,de,Dickstielige Wasserhyazinthe,Q690645
Eichhornia crassipes,Q690645,en,Pontederia crassipes,Q690645
Eichhornia crassipes,Q690645,es,Eichhornia crassipes,Q690645
Eichhornia crassipes,Q690645,fi,Vesihyasintti,Q690645
Eichhornia crassipes,Q690645,fr,Jacinthe d'eau,Q690645
Eichhornia crassipes,Q690645,ga,Eichhornia crassipes,Q690645
Eichhornia crassipes,Q690645,hr,Vodeni zumbul,Q690645
Eichhornia crassipes,Q690645,hu,Közönséges vízijácint,Q690645
Eichhornia crassipes,Q690645,it,Pontederia crassipes,Q690645
Eichhornia crassipes,Q690645,nl,Waterhyacint,Q690645
Eichhornia crassipes,Q690645,pl,Eichornia gruboogonkowa,Q690645
Eichhornia crassipes,Q690645,pt,Jacinto-de-água,Q690645
Eichhornia crassipes,Q690645,sv,Vattenhyacint,Q690645
Elodea nuttallii,Q158887,cs,Vodní mor americký,Q158887
Elodea nuttallii,Q158887,de,Schmalblättrige Wasserpest,Q158887
Elodea nuttallii,Q158887,en,Elodea nuttallii,Q158887
Elodea nuttallii,Q158887,es,Elodea nuttallii,Q158887
Elodea nuttallii,Q158887,et,Väike vesikatk,Q158887
Elodea nuttallii,Q158887,fi,Kiehkuravesirutto,Q158887
Elodea nuttallii,Q158887,fr,Élodée de Nuttall,Q158887
Elodea nuttallii,Q158887,hr,Nuttalliieva vodena kuga,Q158887
Elodea nuttallii,Q158887,hu,Aprólevelű átokhínár,Q158887
Elodea nuttallii,Q158887,it,Elodea nuttallii,Q158887
Elodea nuttallii,Q158887,nl,Smalle waterpest,Q158887
Elodea nuttallii,Q158887,pl,Moczarka delikatna,Q158887
Elodea nuttallii,Q158887,sv,Smal vattenpest,Q158887
Eriocheir sinensis,Q823941,bg,Китайски ръкавичен краб,Q823941
Eriocheir sinensis,Q823941,cs,Krab říční,Q823941
Eriocheir sinensis,Q823941,da,Kinesisk uldhåndskrabbe,Q823941
Eriocheir sinensis,Q823941,de,Chinesische Wollhandkrabbe,Q823941
Eriocheir sinensis,Q823941,en,Chinese mitten crab,Q823941
Eriocheir sinensis,Q823941,es,Eriocheir sinensis,Q823941
Eriocheir sinensis,Q823941,et,Hiina villkäppkrabi,Q823941
Eriocheir sinensis,Q823941,fi,Villasaksirapu,Q823941
Eriocheir sinensis,Q823941,fr,Crabe chinois,Q823941
Eriocheir sinensis,Q823941,hu,Gyapjasollós rák,Q823941
Eriocheir sinensis,Q823941,it,Eriocheir sinensis,Q823941
Eriocheir sinensis,Q823941,lt,Gauruotažnyplis krabas,Q823941
Eriocheir sinensis,Q823941,lv,Ķīnas cimdiņkrabis,Q823941
Eriocheir sinensis,Q823941,nl,Chinese wolhandkrab,Q823941
Eriocheir sinensis,Q823941,pl,Krab wełnistoszczypcy,Q823941
Eriocheir sinensis,Q823941,pt,Caranguejo-peludo-chinês,Q823941
Eriocheir sinensis,Q823941,ro,Eriocheir sinensis,Q823941
Eriocheir sinensis,Q823941,sv,Kinesisk ullhandskrabba,Q823941
Faxonius rusticus,Q59712751,en,Rusty crayfish,Q59712751
Faxonius rusticus,Q59712751,nl,Roestbruine Amerikaanse rivierkreeft,Q59712751
Fundulus heteroclitus,Q939303,en,Mummichog,Q939303
Fundulus heteroclitus,Q939303,es,Fundulus heteroclitus,Q939303
Fundulus heteroclitus,Q939303,fi,Siniraitakilli,Q939303
Fundulus heteroclitus,Q939303,fr,Choquemort,Q939303
Fundulus heteroclitus,Q939303,it,Fundulus heteroclitus,Q939303
Fundulus heteroclitus,Q939303,nl,Fundulus heteroclitus,Q939303
Fundulus heteroclitus,Q939303,pt,Fundulus heteroclitus,Q939303
Fundulus heteroclitus,Q939303,sv,Mummichog,Q939303
Gambusia affinis,Q723904,bg,Гамбузия,Q723904
Gambusia affinis,Q723904,cs,Gambusie komáří,Q723904
Gambusia affinis,Q723904,de,Koboldkärpfling,Q723904
Gambusia affinis,Q723904,el,Κουνουπιέρης,Q723904
Gambusia affinis,Q723904,en,Mosquitofish,Q723904
Gambusia affinis,Q723904,es,Gambusia affinis,Q723904
Gambusia affinis,Q723904,fi,Moskiittokala,Q723904
Gambusia affinis,Q723904,fr,Gambusia holbrooki,Q723904
Gambusia affinis,Q723904,hu,Szúnyogirtó fogasponty,Q723904
Gambusia affinis,Q723904,it,Gambusia affinis,Q723904
Gambusia affinis,Q723904,nl,Gambusia affinis,Q723904
Gambusia affinis,Q723904,pl,Gambuzja pospolita,Q723904
Gambusia affinis,Q723904,pt,Peixe-mosquito,Q723904
Gambusia affinis,Q723904,sk,Živorodka komária,Q723904
Gambusia affinis,Q723904,sv,Moskitfisk,Q723904
Gambusia holbrooki,Q1930449,cs,Gambusie Holbrookova,Q1930449
Gambusia holbrooki,Q1930449,de,Östlicher Moskitofisch,Q1930449
Gambusia holbrooki,Q1930449,en,Eastern mosquitofish,Q1930449
Gambusia holbrooki,Q1930449,es,Gambusia holbrooki,Q1930449
Gambusia holbrooki,Q1930449,it,Gambusia holbrooki,Q1930449
Gambusia holbrooki,Q1930449,nl,Gambusia holbrooki,Q1930449
Gambusia holbrooki,Q1930449,pl,Gambuzja kropkowana,Q1930449
Gambusia holbrooki,Q1930449,pt,Gambusia holbrooki,Q1930449
Gambusia holbrooki,Q1930449,ro,Gambuzie,Q1930449
Gambusia holbrooki,Q1930449,sv,Östlig moskitfisk,Q1930449
Gunnera tinctoria,Q847582,de,Gunnera tinctoria,Q847582
Gunnera tinctoria,Q847582,en,Gunnera tinctoria,Q847582
Gunnera tinctoria,Q847582,es,Gunnera tinctoria,Q847582
Gunnera tinctoria,Q847582,fi,Värigunnera,Q847582
Gunnera tinctoria,Q847582,fr,Gunnera tinctoria,Q847582
Gunnera tinctoria,Q847582,hu,Óriásrebarbara,Q847582
Gunnera tinctoria,Q847582,it,Gunnera tinctoria,Q847582
Gunnera tinctoria,Q847582,pt,Gunnera tinctoria,Q847582
Gunnera tinctoria,Q847582,sv,Röd jättegunnera,Q847582
Gymnocoronis spilanthoides,Q1394846,de,Falscher Wasserfreund,Q1394846
Gymnocoronis spilanthoides,Q1394846,en,Gymnocoronis spilanthoides,Q1394846
Gymnocoronis spilanthoides,Q1394846,es,Gymnocoronis spilanthoides,Q1394846
Gymnocoronis spilanthoides,Q1394846,fr,Gymnocoronis spilanthoides,Q1394846
Gymnocoronis spilanthoides,Q1394846,nl,Smalle theeplant,Q1394846
Hakea sericea,Q3283002,en,Hakea sericea,Q3283002
Hakea sericea,Q3283002,fr,Hakea sericea,Q3283002
Hakea sericea,Q3283002,pt,Hakea sericea,Q3283002
Hakea sericea,Q3283002,sv,Hakea,Q3283002
Heracleum mantegazzianum,Q826602,cs,Bolševník velkolepý,Q826602
Heracleum mantegazzianum,Q826602,da,Kæmpebjørneklo,Q826602
Heracleum mantegazzianum,Q826602,de,Riesen-Bärenklau,Q826602
Heracleum mantegazzianum,Q826602,en,Heracleum mantegazzianum,Q826602
Heracleum mantegazzianum,Q826602,es,Heracleum mantegazzianum,Q826602
Heracleum mantegazzianum,Q826602,et,Hiid-karuputk,Q826602
Heracleum mantegazzianum,Q826602,fi,Kaukasianjättiputki,Q826602
Heracleum mantegazzianum,Q826602,fr,Berce du Caucase,Q826602
Heracleum mantegazzianum,Q826602,ga,Feabhrán capaill,Q826602
Heracleum mantegazzianum,Q826602,hr,Divovski svinjski korov,Q826602
Heracleum mantegazzianum,Q826602,hu,Kaukázusi medvetalp,Q826602
Heracleum mantegazzianum,Q826602,it,Heracleum mantegazzianum,Q826602
Heracleum mantegazzianum,Q826602,lt,Mantegacio barštis,Q826602
Heracleum mantegazzianum,Q826602,lv,Mantegaca latvānis,Q826602
Heracleum mantegazzianum,Q826602,nl,Reuzenberenklauw,Q826602
Heracleum mantegazzianum,Q826602,pl,Barszcz Mantegazziego,Q826602
Heracleum mantegazzianum,Q826602,pt,Heracleum mantegazzianum,Q826602
Heracleum mantegazzianum,Q826602,sk,Boľševník obrovský,Q826602
Heracleum mantegazzianum,Q826602,sl,Orjaški dežen,Q826602
Heracleum mantegazzianum,Q826602,sv,Jätteloka,Q826602
Heracleum persicum,Q1418112,cs,Bolševník perský,Q1418112
Heracleum persicum,Q1418112,de,Golpar,Q1418112
Heracleum persicum,Q1418112,en,Heracleum persicum,Q1418112
Heracleum persicum,Q1418112,es,Heracleum persicum,Q1418112
Heracleum persicum,Q1418112,fi,Persianjättiputki,Q1418112
Heracleum persicum,Q1418112,fr,Berce de Perse,Q1418112
Heracleum persicum,Q1418112,hu,Perzsa medvetalp,Q1418112
Heracleum persicum,Q1418112,nl,Perzische berenklauw,Q1418112
Heracleum persicum,Q1418112,pt,Heracleum persicum,Q1418112
Heracleum persicum,Q1418112,sv,Tromsöloka,Q1418112
Heracleum sosnowskyi,Q2600107,cs,Bolševník Sosnowského,Q2600107
Heracleum sosnowskyi,Q2600107,en,Heracleum sosnowskyi,Q2600107
Heracleum sosnowskyi,Q2600107,et,Sosnovski karuputk,Q2600107
Heracleum sosnowskyi,Q2600107,fi,Armenianjättiputki,Q2600107
Heracleum sosnowskyi,Q2600107,fr,Berce de Sosnowskyi,Q2600107
Heracleum sosnowskyi,Q2600107,hu,Szosznovszkij-medvetalp,Q2600107
Heracleum sosnowskyi,Q2600107,lt,Sosnovskio barštis,Q2600107
Heracleum sosnowskyi,Q2600107,lv,Sosnovska latvānis,Q2600107
Heracleum sosnowskyi,Q2600107,nl,Sosnowsky's berenklauw,Q2600107
Heracleum sosnowskyi,Q2600107,pl,Barszcz Sosnowskiego,Q2600107
Heracleum sosnowskyi,Q2600107,sv,Bredloka,Q2600107
Herpestes javanicus,Q600530,bg,Малка индийска мангуста,Q600530
Herpestes javanicus,Q600530,de,Kleiner Mungo,Q600530
Herpestes javanicus,Q600530,en,Javan mongoose,Q600530
Herpestes javanicus,Q600530,es,Herpestes javanicus,Q600530
Herpestes javanicus,Q600530,fi,Intianpikkumangusti,Q600530
Herpestes javanicus,Q600530,fr,Mangouste de Java,Q600530
Herpestes javanicus,Q600530,hr,Indijski mali mungos,Q600530
Herpestes javanicus,Q600530,hu,Jávai mongúz,Q600530
Herpestes javanicus,Q600530,it,Herpestes javanicus,Q600530
Herpestes javanicus,Q600530,nl,Indische mangoeste,Q600530
Herpestes javanicus,Q600530,pl,Mangusta mała,Q600530
Herpestes javanicus,Q600530,pt,Mangusto-de-java,Q600530
Herpestes javanicus,Q600530,sv,Javanesisk mungo,Q600530
Humulus scandens,Q162736,bg,Японски хмел,Q162736
Humulus scandens,Q162736,en,Humulus japonicus,Q162736
Humulus scandens,Q162736,fi,Japaninhumala,Q162736
Humulus scandens,Q162736,fr,Humulus japonicus,Q162736
Humulus scandens,Q162736,hr,Japanski hmelj,Q162736
Humulus scandens,Q162736,hu,Japán komló,Q162736
Humulus scandens,Q162736,sl,Japonski hmelj,Q162736
Humulus scandens,Q162736,sv,Japansk humle,Q162736
Hydrocotyle ranunculoides,Q596203,de,Hahnenfußähnlicher Wassernabel,Q596203
Hydrocotyle ranunculoides,Q596203,en,Hydrocotyle ranunculoides,Q596203
Hydrocotyle ranunculoides,Q596203,es,Hydrocotyle ranunculoides,Q596203
Hydrocotyle ranunculoides,Q596203,fr,Hydrocotyle ranunculoides,Q596203
Hydrocotyle ranunculoides,Q596203,hu,Hévízi gázló,Q596203
Hydrocotyle ranunculoides,Q596203,nl,Grote waternavel,Q596203
Hydrocotyle ranunculoides,Q596203,pl,Wąkrota jaskrowata,Q596203
Hydrocotyle ranunculoides,Q596203,sv,Hydrocotyle ranunculoides,Q596203
Impatiens glandulifera,Q158035,bg,Жлезиста слабонога,Q158035
Impatiens glandulifera,Q158035,cs,Netýkavka žláznatá,Q158035
Impatiens glandulifera,Q158035,da,Kæmpebalsamin,Q158035
Impatiens glandulifera,Q158035,de,Drüsiges Springkraut,Q158035
Impatiens glandulifera,Q158035,en,Impatiens glandulifera,Q158035
Impatiens glandulifera,Q158035,es,Impatiens glandulifera,Q158035
Impatiens glandulifera,Q158035,et,Verev lemmalts,Q158035
Impatiens glandulifera,Q158035,fi,Jättipalsami,Q158035
Impatiens glandulifera,Q158035,fr,Balsamine de l'Himalaya,Q158035
Impatiens glandulifera,Q158035,ga,Lus na pléisce,Q158035
Impatiens glandulifera,Q158035,hr,Žljezdasti nedirak,Q158035
Impatiens glandulifera,Q158035,hu,Bíbor nebáncsvirág,Q158035
Impatiens glandulifera,Q158035,lt,Bitinė sprigė,Q158035
Impatiens glandulifera,Q158035,nl,Reuzenbalsemien,Q158035
Impatiens glandulifera,Q158035,pl,Niecierpek gruczołowaty,Q158035
Impatiens glandulifera,Q158035,sl,Žlezava nedotika,Q158035
Impatiens glandulifera,Q158035,sv,Jättebalsamin,Q158035
Koenigia polystachya,Q15146805,cs,Persicaria wallichii,Q15146805
Koenigia polystachya,Q15146805,de,Himalaja-Knöterich,Q15146805
Koenigia polystachya,Q15146805,en,Koenigia polystachya,Q15146805
Koenigia polystachya,Q15146805,es,Koenigia polystachya,Q15146805
Koenigia polystachya,Q15146805,fi,Seljaröyhytatar,Q15146805
Koenigia polystachya,Q15146805,fr,Polygonum polystachyum,Q15146805
Koenigia polystachya,Q15146805,nl,Afghaanse duizendknoop,Q15146805
Koenigia polystachya,Q15146805,sv,Syrenslide,Q15146805
Lagarosiphon major,Q6471912,de,Wechselblatt-Wasserpest,Q6471912
Lagarosiphon major,Q6471912,en,Lagarosiphon major,Q6471912
Lagarosiphon major,Q6471912,es,Lagarosiphon major,Q6471912
Lagarosiphon major,Q6471912,et,Kähar näkikatk,Q6471912
Lagarosiphon major,Q6471912,fr,Lagarosiphon major,Q6471912
Lagarosiphon major,Q6471912,sv,Lagarosiphon major,Q6471912
Lampropeltis getula,Q747093,cs,Korálovka pruhovaná,Q747093
Lampropeltis getula,Q747093,de,Kettennatter,Q747093
Lampropeltis getula,Q747093,en,Lampropeltis getula,Q747093
Lampropeltis getula,Q747093,es,Lampropeltis getula,Q747093
Lampropeltis getula,Q747093,fi,Kuningaskäärme,Q747093
Lampropeltis getula,Q747093,fr,Lampropeltis getula,Q747093
Lampropeltis getula,Q747093,hu,Királysikló,Q747093
Lampropeltis getula,Q747093,nl,Gewone koningsslang,Q747093
Lampropeltis getula,Q747093,pl,Lancetogłów królewski,Q747093
Lampropeltis getula,Q747093,sk,Hadiarka retiazková,Q747093
Lampropeltis getula,Q747093,sv,Lampropeltis getula,Q747093
Lepomis gibbosus,Q826713,bg,Слънчева риба,Q826713
Lepomis gibbosus,Q826713,cs,Slunečnice pestrá,Q826713
Lepomis gibbosus,Q826713,de,Gemeiner Sonnenbarsch,Q826713
Lepomis gibbosus,Q826713,en,Pumpkinseed,Q826713
Lepomis gibbosus,Q826713,es,Lepomis gibbosus,Q826713
Lepomis gibbosus,Q826713,fi,Aurinkoahven,Q826713
Lepomis gibbosus,Q826713,fr,Lepomis gibbosus,Q826713
Lepomis gibbosus,Q826713,hr,Sunčanica (riba),Q826713
Lepomis gibbosus,Q826713,hu,Naphal,Q826713
Lepomis gibbosus,Q826713,it,Lepomis gibbosus,Q826713
Lepomis gibbosus,Q826713,lt,Paprastasis saulešeris,Q826713
Lepomis gibbosus,Q826713,nl,Zonnebaars,Q826713
Lepomis gibbosus,Q826713,pl,Bass słoneczny,Q826713
Lepomis gibbosus,Q826713,pt,Perca-sol,Q826713
Lepomis gibbosus,Q826713,sl,Sončni ostriž,Q826713
Lepomis gibbosus,Q826713,sv,Solabborre,Q826713
Lespedeza cuneata,Q5364126,en,Lespedeza cuneata,Q5364126
Lespedeza cuneata,Q5364126,es,Lespedeza cuneata,Q5364126
Lespedeza cuneata,Q5364126,fi,Kiinanpensasapila,Q5364126
Lespedeza cuneata,Q5364126,fr,Lespedeza cuneata,Q5364126
Lespedeza cuneata,Q5364126,sv,Lespedeza cuneata,Q5364126
Limnoperna fortunei,Q3267225,de,Limnoperna fortunei,Q3267225
Limnoperna fortunei,Q3267225,en,Limnoperna fortunei,Q3267225
Limnoperna fortunei,Q3267225,es,Limnoperna fortunei,Q3267225
Limnoperna fortunei,Q3267225,fr,Limnoperna fortunei,Q3267225
Limnoperna fortunei,Q3267225,nl,Limnoperna fortunei,Q3267225
Limnoperna fortunei,Q3267225,pt,Mexilhão-dourado,Q3267225
Lithobates catesbeianus,Q159404,bg,Жаба бик,Q159404
Lithobates catesbeianus,Q159404,cs,Skokan volský,Q159404
Lithobates catesbeianus,Q159404,da,Amerikansk oksefrø,Q159404
Lithobates catesbeianus,Q159404,de,Nordamerikanischer Ochsenfrosch,Q159404
Lithobates catesbeianus,Q159404,el,Αμερικανικός βουβαλοβάτραχος,Q159404
Lithobates catesbeianus,Q159404,en,American bullfrog,Q159404
Lithobates catesbeianus,Q159404,es,Aquarana catesbeiana,Q159404
Lithobates catesbeianus,Q159404,et,Härgkonn,Q159404
Lithobates catesbeianus,Q159404,fi,Härkäsammakko,Q159404
Lithobates catesbeianus,Q159404,fr,Ouaouaron,Q159404
Lithobates catesbeianus,Q159404,hu,Ökörbéka,Q159404
Lithobates catesbeianus,Q159404,it,Lithobates catesbeianus,Q159404
Lithobates catesbeianus,Q159404,lt,Varlė jautis,Q159404
Lithobates catesbeianus,Q159404,nl,Amerikaanse stierkikker,Q159404
Lithobates catesbeianus,Q159404,pl,Żaba rycząca,Q159404
Lithobates catesbeianus,Q159404,pt,Rã-touro-americana,Q159404
Lithobates catesbeianus,Q159404,sl,Volovska žaba,Q159404
Lithobates catesbeianus,Q159404,sv,Oxgroda,Q159404
Ludwigia grandiflora,Q3266274,de,Großblütiges Heusenkraut,Q3266274
Ludwigia grandiflora,Q3266274,en,Ludwigia grandiflora,Q3266274
Ludwigia grandiflora,Q3266274,es,Ludwigia grandiflora,Q3266274
Ludwigia grandiflora,Q3266274,fr,Ludwigia grandiflora,Q3266274
Ludwigia grandiflora,Q3266274,nl,Waterteunisbloem,Q3266274
Ludwigia grandiflora,Q3266274,sv,Ludwigia grandiflora,Q3266274
Ludwigia peploides,Q3007973,de,Flutendes Heusenkraut,Q3007973
Ludwigia peploides,Q3007973,el,Ludwigia peploides,Q3007973
Ludwigia peploides,Q3007973,en,Ludwigia peploides,Q3007973
Ludwigia peploides,Q3007973,es,Ludwigia peploides,Q3007973
Ludwigia peploides,Q3007973,fr,Ludwigia peploides,Q3007973
Ludwigia peploides,Q3007973,nl,Kleine waterteunisbloem,Q3007973
Ludwigia peploides,Q3007973,pt,Ludwigia peploides,Q3007973
Ludwigia peploides,Q3007973,sv,Ludwigia peploides,Q3007973
Lygodium japonicum,Q3338251,en,Lygodium japonicum,Q3338251
Lygodium japonicum,Q3338251,es,Lygodium japonicum,Q3338251
Lygodium japonicum,Q3338251,fr,Lygodium japonicum,Q3338251
Lygodium japonicum,Q3338251,sv,Lygodium japonicum,Q3338251
Lysichiton americanus,Q469972,da,Gul kæmpekalla,Q469972
Lysichiton americanus,Q469972,de,Amerikanischer Stinktierkohl,Q469972
Lysichiton americanus,Q469972,en,Lysichiton americanus,Q469972
Lysichiton americanus,Q469972,es,Lysichiton americanus,Q469972
Lysichiton americanus,Q469972,et,Ameerika kevadvõhk,Q469972
Lysichiton americanus,Q469972,fi,Keltamajavankaali,Q469972
Lysichiton americanus,Q469972,fr,Lysichiton americanus,Q469972
Lysichiton americanus,Q469972,hr,Američki kozlac,Q469972
Lysichiton americanus,Q469972,hu,Sárga lápbuzogány,Q469972
Lysichiton americanus,Q469972,lt,Amerikinis lizichitonas,Q469972
Lysichiton americanus,Q469972,lv,Amerikas lizihitons,Q469972
Lysichiton americanus,Q469972,nl,Moeraslantaarn,Q469972
Lysichiton americanus,Q469972,pl,Tulejnik amerykański,Q469972
Lysichiton americanus,Q469972,sv,Gul skunkkalla,Q469972
Microstegium vimineum,Q5699638,en,Microstegium vimineum,Q5699638
Microstegium vimineum,Q5699638,es,Microstegium vimineum,Q5699638
Microstegium vimineum,Q5699638,sv,Japanskt styltgräs,Q5699638
Morone americana,Q2337531,en,White perch,Q2337531
Morone americana,Q2337531,fi,Amerikanbassi,Q2337531
Morone americana,Q2337531,fr,Morone americana,Q2337531
Morone americana,Q2337531,hu,Morone americana,Q2337531
Morone americana,Q2337531,nl,Amerikaanse zeebaars,Q2337531
Morone americana,Q2337531,pl,Moron biały,Q2337531
Morone americana,Q2337531,sl,Ameriški brancin,Q2337531
Morone americana,Q2337531,sv,Vitabborre,Q2337531
Muntiacus reevesi,Q695973,bg,Китайски мунтжак,Q695973
Muntiacus reevesi,Q695973,cs,Muntžak malý,Q695973
Muntiacus reevesi,Q695973,de,Chinesischer Muntjak,Q695973
Muntiacus reevesi,Q695973,en,Reeves's muntjac,Q695973
Muntiacus reevesi,Q695973,es,Muntiacus reevesi,Q695973
Muntiacus reevesi,Q695973,fi,Kiinanmuntjakki,Q695973
Muntiacus reevesi,Q695973,fr,Muntjac de Reeves,Q695973
Muntiacus reevesi,Q695973,hu,Kínai muntyákszarvas,Q695973
Muntiacus reevesi,Q695973,it,Muntiacus reevesi,Q695973
Muntiacus reevesi,Q695973,lt,Kininis muntjakas,Q695973
Muntiacus reevesi,Q695973,nl,Chinese muntjak,Q695973
Muntiacus reevesi,Q695973,pl,Mundżak chiński,Q695973
Muntiacus reevesi,Q695973,pt,Muntiacus reevesi,Q695973
Muntiacus reevesi,Q695973,sv,Muntiacus reevesi,Q695973
Myocastor coypus,Q187704,bg,Нутрия,Q187704
Myocastor coypus,Q187704,cs,Nutrie říční,Q187704
Myocastor coypus,Q187704,de,Nutria,Q187704
Myocastor coypus,Q187704,en,Nutria,Q187704
Myocastor coypus,Q187704,es,Myocastor coypus,Q187704
Myocastor coypus,Q187704,et,Nutria,Q187704
Myocastor coypus,Q187704,fi,Nutria,Q187704
Myocastor coypus,Q187704,fr,Ragondin,Q187704
Myocastor coypus,Q187704,ga,Cadhpú,Q187704
Myocastor coypus,Q187704,hr,Barska nutrija,Q187704
Myocastor coypus,Q187704,hu,Nutria,Q187704
Myocastor coypus,Q187704,it,Nutria,
Myocastor coypus,Q187704,lt,Nutrija,Q187704
Myocastor coypus,Q187704,nl,Beverrat,Q187704
Myocastor coypus,Q187704,pl,Nutria amerykańska,Q187704
Myocastor coypus,Q187704,pt,Myocastor coypus,Q187704
Myocastor coypus,Q187704,ro,Nutrie,Q187704
Myocastor coypus,Q187704,sk,Nutria riečna,Q187704
Myocastor coypus,Q187704,sl,Nutrija,Q187704
Myocastor coypus,Q187704,sv,Sumpbäver,Q187704
Myriophyllum aquaticum,Q899338,de,Brasilianisches Tausendblatt,Q899338
Myriophyllum aquaticum,Q899338,en,Myriophyllum aquaticum,Q899338
Myriophyllum aquaticum,Q899338,es,Myriophyllum aquaticum,Q899338
Myriophyllum aquaticum,Q899338,et,Brasiilia vesikuusk,Q899338
Myriophyllum aquaticum,Q899338,fi,Isoärviä,Q899338
Myriophyllum aquaticum,Q899338,fr,Myriophyllum aquaticum,Q899338
Myriophyllum aquaticum,Q899338,it,Myriophyllum aquaticum,Q899338
Myriophyllum aquaticum,Q899338,nl,Parelvederkruid,Q899338
Myriophyllum aquaticum,Q899338,pl,Wywłócznik brazylijski,Q899338
Myriophyllum aquaticum,Q899338,pt,Myriophyllum aquaticum,Q899338
Myriophyllum aquaticum,Q899338,sv,Storslinga,Q899338
Myriophyllum heterophyllum,Q160407,de,Verschiedenblättriges Tausendblatt,Q160407
Myriophyllum heterophyllum,Q160407,en,Myriophyllum heterophyllum,Q160407
Myriophyllum heterophyllum,Q160407,es,Myriophyllum heterophyllum,Q160407
Myriophyllum heterophyllum,Q160407,fi,Kampaärviä,Q160407
Myriophyllum heterophyllum,Q160407,fr,Myriophyllum heterophyllum,Q160407
Myriophyllum heterophyllum,Q160407,pl,Wywłócznik różnolistny,Q160407
Myriophyllum heterophyllum,Q160407,sv,Myriophyllum heterophyllum,Q160407
Nasua nasua,Q148462,bg,Южноамериканско коати,Q148462
Nasua nasua,Q148462,cs,Nosál červený,Q148462
Nasua nasua,Q148462,da,Næsebjørn,Q148462
Nasua nasua,Q148462,de,Südamerikanischer Nasenbär,Q148462
Nasua nasua,Q148462,en,South American coati,Q148462
Nasua nasua,Q148462,es,Nasua nasua,Q148462
Nasua nasua,Q148462,fi,Punakoati,Q148462
Nasua nasua,Q148462,fr,Nasua nasua,Q148462
Nasua nasua,Q148462,hu,Ormányos medve,Q148462
Nasua nasua,Q148462,it,Nasua nasua,Q148462
Nasua nasua,Q148462,lt,Paprastasis koatis,Q148462
Nasua nasua,Q148462,lv,Dienvidamerikas koati,Q148462
Nasua nasua,Q148462,nl,Rode neusbeer,Q148462
Nasua nasua,Q148462,pl,Ostronos rudy,Q148462
Nasua nasua,Q148462,pt,Quati-de-cauda-anelada,Q148462
Nasua nasua,Q148462,sl,Koati,Q148462
Nasua nasua,Q148462,sv,Vanlig näsbjörn,Q148462
Nyctereutes procyonoides,Q133189,bg,Енотовидно куче,Q133189
Nyctereutes procyonoides,Q133189,cs,Psík mývalovitý,Q133189
Nyctereutes procyonoides,Q133189,da,Mårhund,Q133189
Nyctereutes procyonoides,Q133189,de,Marderhund,Q133189
Nyctereutes procyonoides,Q133189,el,Σκύλος ρακούν,Q133189
Nyctereutes procyonoides,Q133189,en,Common raccoon dog,Q133189
Nyctereutes procyonoides,Q133189,es,Nyctereutes procyonoides,Q133189
Nyctereutes procyonoides,Q133189,et,Kährik,Q133189
Nyctereutes procyonoides,Q133189,fi,Supikoira,Q133189
Nyctereutes procyonoides,Q133189,fr,Chien viverrin,Q133189
Nyctereutes procyonoides,Q133189,hr,Kunopas,Q133189
Nyctereutes procyonoides,Q133189,hu,Nyestkutya,Q133189
Nyctereutes procyonoides,Q133189,it,Nyctereutes procyonoides,Q133189
Nyctereutes procyonoides,Q133189,lt,Usūrinis šuo,Q133189
Nyctereutes procyonoides,Q133189,lv,Jenotsuns,Q133189
Nyctereutes procyonoides,Q133189,nl,Wasbeerhond,Q133189
Nyctereutes procyonoides,Q133189,pl,Jenot azjatycki,Q133189
Nyctereutes procyonoides,Q133189,pt,Cão-guaxinim,Q133189
Nyctereutes procyonoides,Q133189,ro,Câine enot,Q133189
Nyctereutes procyonoides,Q133189,sk,Psík medvedíkovitý,Q133189
Nyctereutes procyonoides,Q133189,sl,Rakunasti pes,Q133189
Nyctereutes procyonoides,Q133189,sv,Mårdhund,Q133189
Ondatra zibethicus,Q26283,bg,Ондатра,Q26283
Ondatra zibethicus,Q26283,cs,Ondatra pižmová,Q26283
Ondatra zibethicus,Q26283,da,Bisamrotte,Q26283
Ondatra zibethicus,Q26283,de,Bisamratte,Q26283
Ondatra zibethicus,Q26283,en,Muskrat,Q26283
Ondatra zibethicus,Q26283,es,Ondatra zibethicus,Q26283
Ondatra zibethicus,Q26283,et,Ondatra,Q26283
Ondatra zibethicus,Q26283,fi,Piisami,Q26283
Ondatra zibethicus,Q26283,fr,Rat musqué,Q26283
Ondatra zibethicus,Q26283,ga,Muscfhrancach,Q26283
Ondatra zibethicus,Q26283,hr,Bizamski štakor,Q26283
Ondatra zibethicus,Q26283,hu,Pézsmapocok,Q26283
Ondatra zibethicus,Q26283,it,Ondatra zibethicus,Q26283
Ondatra zibethicus,Q26283,lt,Ondatra,Q26283
Ondatra zibethicus,Q26283,lv,Ondatra,Q26283
Ondatra zibethicus,Q26283,nl,Muskusrat,Q26283
Ondatra zibethicus,Q26283,pl,Piżmak amerykański,Q26283
Ondatra zibethicus,Q26283,pt,Rato-almiscarado,Q26283
Ondatra zibethicus,Q26283,ro,Bizam,Q26283
Ondatra zibethicus,Q26283,sk,Ondatra pižmová,Q26283
Ondatra zibethicus,Q26283,sl,Pižmovka,Q26283
Ondatra zibethicus,Q26283,sv,Bisam,Q26283
Orconectes limosus,Q107078367,bg,Шипобуз рак,Q107078367
Orconectes limosus,Q107078367,cs,Rak pruhovaný,Q107078367
Orconectes limosus,Q107078367,de,Kamberkrebs,Q107078367
Orconectes limosus,Q107078367,en,Faxonius limosus,Q107078367
Orconectes limosus,Q107078367,es,Orconectes limosus,Q107078367
Orconectes limosus,Q107078367,et,Ogapõskne vähk,Q107078367
Orconectes limosus,Q107078367,fi,Amerikankääpiörapu,Q107078367
Orconectes limosus,Q107078367,fr,Faxonius limosus,Q107078367
Orconectes limosus,Q107078367,it,Orconectes limosus,Q107078367
Orconectes limosus,Q107078367,lt,Rainuotasis vėžys,Q107078367
Orconectes limosus,Q107078367,nl,Gevlekte Amerikaanse rivierkreeft,Q107078367
Orconectes limosus,Q107078367,pl,Rak pręgowaty,Q107078367
Orconectes limosus,Q107078367,sv,Orconectes limosus,Q107078367
Orconectes virilis,Q59282984,en,Faxonius virilis,Q59282984
Orconectes virilis,Q59282984,nl,Geknobbelde Amerikaanse rivierkreeft,Q59282984
Oxyura jamaicensis,Q647461,bg,Американска тръноопашата потапница,Q647461
Oxyura jamaicensis,Q647461,cs,Kachnice kaštanová,Q647461
Oxyura jamaicensis,Q647461,de,Schwarzkopf-Ruderente,Q647461
Oxyura jamaicensis,Q647461,en,Ruddy duck,Q647461
Oxyura jamaicensis,Q647461,es,Oxyura jamaicensis,Q647461
Oxyura jamaicensis,Q647461,fi,Kuparisorsa,Q647461
Oxyura jamaicensis,Q647461,fr,Érismature rousse,Q647461
Oxyura jamaicensis,Q647461,ga,Lacha rua,Q647461
Oxyura jamaicensis,Q647461,hu,Halcsontfarkú réce,Q647461
Oxyura jamaicensis,Q647461,it,Oxyura jamaicensis,Q647461
Oxyura jamaicensis,Q647461,lt,Baltaskruostė stačiauodegė antis,Q647461
Oxyura jamaicensis,Q647461,lv,Jamaikas zilknābis,Q647461
Oxyura jamaicensis,Q647461,nl,Rosse stekelstaart,Q647461
Oxyura jamaicensis,Q647461,pl,Sterniczka jamajska,Q647461
Oxyura jamaicensis,Q647461,pt,Pato-de-rabo-alçado-americano,Q647461
Oxyura jamaicensis,Q647461,ro,Rață jamaicană,Q647461
Oxyura jamaicensis,Q647461,sk,Potápnica bielolíca,Q647461
Oxyura jamaicensis,Q647461,sv,Amerikansk kopparand,Q647461
Pacifastacus leniusculus,Q693000,bg,Pacifastacus leniusculus,Q693000
Pacifastacus leniusculus,Q693000,cs,Rak signální,Q693000
Pacifastacus leniusculus,Q693000,da,Signalkrebs,Q693000
Pacifastacus leniusculus,Q693000,de,Signalkrebs,Q693000
Pacifastacus leniusculus,Q693000,en,Signal crayfish,Q693000
Pacifastacus leniusculus,Q693000,es,Pacifastacus leniusculus,Q693000
Pacifastacus leniusculus,Q693000,et,Signaalvähk,Q693000
Pacifastacus leniusculus,Q693000,fi,Täplärapu,Q693000
Pacifastacus leniusculus,Q693000,fr,Pacifastacus leniusculus,Q693000
Pacifastacus leniusculus,Q693000,hr,Signalni rak,Q693000
Pacifastacus leniusculus,Q693000,hu,Amerikai folyamirák,Q693000
Pacifastacus leniusculus,Q693000,it,Pacifastacus leniusculus,Q693000
Pacifastacus leniusculus,Q693000,lt,Žymėtasis vėžys,Q693000
Pacifastacus leniusculus,Q693000,lv,Signālvēzis,Q693000
Pacifastacus leniusculus,Q693000,nl,Signaalkreeft,Q693000
Pacifastacus leniusculus,Q693000,pl,Rak sygnałowy,Q693000
Pacifastacus leniusculus,Q693000,pt,Pacifastacus leniusculus,Q693000
Pacifastacus leniusculus,Q693000,sv,Signalkräfta,Q693000
Parthenium hysterophorus,Q3595850,en,Parthenium hysterophorus,Q3595850
Parthenium hysterophorus,Q3595850,es,Parthenium hysterophorus,Q3595850
Parthenium hysterophorus,Q3595850,fr,Parthenium hysterophorus,Q3595850
Parthenium hysterophorus,Q3595850,pl,Partenium ambrozjowate,Q3595850
Pennisetum setaceum,Q50840675,de,Afrikanisches Lampenputzergras,Q50840675
Pennisetum setaceum,Q50840675,en,Cenchrus setaceus,Q50840675
Pennisetum setaceum,Q50840675,es,Cenchrus setaceus,Q50840675
Pennisetum setaceum,Q50840675,fi,Arabiansulkahirssi,Q50840675
Pennisetum setaceum,Q50840675,it,Cenchrus setaceus,Q50840675
Pennisetum setaceum,Q50840675,pt,Cenchrus setaceus,Q50840675
Pennisetum setaceum,Q50840675,sv,Fjäderborstgräs,Q50840675
Perccottus glenii,Q10623625,de,Amur-Schläfergrundel,Q10623625
Perccottus glenii,Q10623625,en,Chinese sleeper,Q10623625
Perccottus glenii,Q10623625,es,Perccottus glenii,Q10623625
Perccottus glenii,Q10623625,et,Kaugida unimudil,Q10623625
Perccottus glenii,Q10623625,fi,Rohmutokko,Q10623625
Perccottus glenii,Q10623625,fr,Perccottus glenii,Q10623625
Perccottus glenii,Q10623625,hu,Amurgéb,Q10623625
Perccottus glenii,Q10623625,it,Perccottus glenii,Q10623625
Perccottus glenii,Q10623625,lv,Rotans,Q10623625
Perccottus glenii,Q10623625,nl,Amoergrondel,Q10623625
Perccottus glenii,Q10623625,pl,Trawianka,Q10623625
Perccottus glenii,Q10623625,sv,Amursömnfisk,Q10623625
Persicaria perfoliata,Q836721,en,Persicaria perfoliata,Q836721
Persicaria perfoliata,Q836721,es,Persicaria perfoliata,Q836721
Persicaria perfoliata,Q836721,et,Haakuv kirbutatar,Q836721
Persicaria perfoliata,Q836721,it,Persicaria perfoliata,Q836721
Persicaria perfoliata,Q836721,nl,Gestekelde duizendknoop,Q836721
Persicaria perfoliata,Q836721,sv,Truellum perfoliatum,Q836721
Pistia stratiotes,Q654001,cs,Babelka řezanovitá,Q654001
Pistia stratiotes,Q654001,de,Wassersalat,Q654001
Pistia stratiotes,Q654001,en,Pistia,Q654001
Pistia stratiotes,Q654001,es,Pistia stratiotes,Q654001
Pistia stratiotes,Q654001,fi,Pistia,Q654001
Pistia stratiotes,Q654001,fr,Pistia stratiotes,Q654001
Pistia stratiotes,Q654001,hu,Úszó kagylótutaj,Q654001
Pistia stratiotes,Q654001,it,Pistia stratiotes,Q654001
Pistia stratiotes,Q654001,lt,Salotinė plūdoklė,Q654001
Pistia stratiotes,Q654001,nl,Watersla,Q654001
Pistia stratiotes,Q654001,pl,Pistia rozetkowa,Q654001
Pistia stratiotes,Q654001,pt,Pistia,Q654001
Pistia stratiotes,Q654001,sv,Musselblomma,Q654001
Plotosus lineatus,Q767055,bg,Ивичест змиорковиден сом,Q767055
Plotosus lineatus,Q767055,cs,Plotos proužkatý,Q767055
Plotosus lineatus,Q767055,de,Gestreifter Korallenwels,Q767055
Plotosus lineatus,Q767055,en,Plotosus lineatus,Q767055
Plotosus lineatus,Q767055,es,Plotosus lineatus,Q767055
Plotosus lineatus,Q767055,fi,Juovakorallimonni,Q767055
Plotosus lineatus,Q767055,fr,Plotosus lineatus,Q767055
Plotosus lineatus,Q767055,it,Plotosus lineatus,Q767055
Plotosus lineatus,Q767055,nl,Gestreepte koraalmeerval,Q767055
Plotosus lineatus,Q767055,pl,Sumik węgorzowaty,Q767055
Plotosus lineatus,Q767055,pt,Plotosus lineatus,Q767055
Plotosus lineatus,Q767055,sv,Korallmal,Q767055
Procambarus clarkii,Q1133124,bg,Procambarus clarkii,Q1133124
Procambarus clarkii,Q1133124,cs,Rak červený,Q1133124
Procambarus clarkii,Q1133124,de,Roter Amerikanischer Sumpfkrebs,Q1133124
Procambarus clarkii,Q1133124,en,Procambarus clarkii,Q1133124
Procambarus clarkii,Q1133124,es,Procambarus clarkii,Q1133124
Procambarus clarkii,Q1133124,fr,Écrevisse de Louisiane,Q1133124
Procambarus clarkii,Q1133124,hu,Kaliforniai vörösrák,Q1133124
Procambarus clarkii,Q1133124,it,Procambarus clarkii,Q1133124
Procambarus clarkii,Q1133124,nl,Rode Amerikaanse rivierkreeft,Q1133124
Procambarus clarkii,Q1133124,pt,Procambarus clarkii,Q1133124
Procambarus clarkii,Q1133124,sv,Röd sumpkräfta,Q1133124
Procambarus virginalis,Q61642001,cs,Rak mramorovaný,Q61642001
Procambarus virginalis,Q61642001,de,Marmorkrebs,Q61642001
Procambarus virginalis,Q61642001,en,Marbled crayfish,Q61642001
Procambarus virginalis,Q61642001,et,Marmorvähk,Q61642001
Procambarus virginalis,Q61642001,fi,Marmorirapu,Q61642001
Procambarus virginalis,Q61642001,fr,Procambarus virginalis,Q61642001
Procambarus virginalis,Q61642001,nl,Marmerkreeft,Q61642001
Procambarus virginalis,Q61642001,pl,Rak marmurkowy,Q61642001
Procambarus virginalis,Q61642001,sv,Marmorkräfta,Q61642001
Procyon lotor,Q121439,bg,Американски енот,Q121439
Procyon lotor,Q121439,cs,Mýval severní,Q121439
Procyon lotor,Q121439,da,Almindelig vaskebjørn,Q121439
Procyon lotor,Q121439,de,Waschbär,Q121439
Procyon lotor,Q121439,el,Ρακούν,Q121439
Procyon lotor,Q121439,en,Raccoon,Q121439
Procyon lotor,Q121439,es,Procyon lotor,Q121439
Procyon lotor,Q121439,et,Pesukaru,Q121439
Procyon lotor,Q121439,fi,Pesukarhu,Q121439
Procyon lotor,Q121439,fr,Raton laveur,Q121439
Procyon lotor,Q121439,ga,Racún,Q121439
Procyon lotor,Q121439,hr,Američki rakun,Q121439
Procyon lotor,Q121439,hu,Mosómedve,Q121439
Procyon lotor,Q121439,it,Procione,Q403907
Procyon lotor,Q121439,lt,Paprastasis meškėnas,Q121439
Procyon lotor,Q121439,lv,Parastais jenots,Q121439
Procyon lotor,Q121439,nl,Wasbeer,Q121439
Procyon lotor,Q121439,pl,Szop pracz,Q121439
Procyon lotor,Q121439,pt,Guaxinim,Q121439
Procyon lotor,Q121439,ro,Raton,Q121439
Procyon lotor,Q121439,sk,Medvedík čistotný,Q121439
Procyon lotor,Q121439,sl,Rakun,Q121439
Procyon lotor,Q121439,sv,Tvättbjörn,Q121439
Prosopis juliflora,Q127800004,en,Neltuma juliflora,Q127800004
Pseudorasbora parva,Q583540,bg,Pseudorasbora parva,Q583540
Pseudorasbora parva,Q583540,cs,Střevlička východní,Q583540
Pseudorasbora parva,Q583540,de,Blaubandbärbling,Q583540
Pseudorasbora parva,Q583540,en,Stone moroko,Q583540
Pseudorasbora parva,Q583540,es,Pseudorasbora parva,Q583540
Pseudorasbora parva,Q583540,fi,Saharasbora,Q583540
Pseudorasbora parva,Q583540,fr,Pseudorasbora parva,Q583540
Pseudorasbora parva,Q583540,hu,Kínai razbóra,Q583540
Pseudorasbora parva,Q583540,it,Pseudorasbora parva,Q583540
Pseudorasbora parva,Q583540,lt,Rytinis gružlelis,Q583540
Pseudorasbora parva,Q583540,lv,Amūras čebačeks,Q583540
Pseudorasbora parva,Q583540,nl,Blauwband,Q583540
Pseudorasbora parva,Q583540,pl,Czebaczek amurski,Q583540
Pseudorasbora parva,Q583540,ro,Murgoi bălțat,Q583540
Pseudorasbora parva,Q583540,sl,Psevdorazbora,Q583540
Pseudorasbora parva,Q583540,sv,Bandslätting,Q583540
Pueraria montana,Q1054489,en,Pueraria montana,Q1054489
Pueraria montana,Q1054489,es,Pueraria montana,Q1054489
Pueraria montana,Q1054489,et,Hõlmine pueraaria,Q1054489
Pueraria montana,Q1054489,fr,Pueraria montana,Q1054489
Pueraria montana,Q1054489,hu,Kudzu nyílgyökér,Q1054489
Pueraria montana,Q1054489,it,Pueraria montana,Q1054489
Pueraria montana,Q1054489,pl,Opornik łatkowaty,Q1054489
Pueraria montana,Q1054489,sv,Kudzuböna,Q1054489
Pycnonotus cafer,Q509455,bg,Източноазиатски бюлбюл,Q509455
Pycnonotus cafer,Q509455,cs,Bulbul šupinkový,Q509455
Pycnonotus cafer,Q509455,de,Rotsteißbülbül,Q509455
Pycnonotus cafer,Q509455,en,Red-vented bulbul,Q509455
Pycnonotus cafer,Q509455,es,Pycnonotus cafer,Q509455
Pycnonotus cafer,Q509455,fi,Punaperäbulbuli,Q509455
Pycnonotus cafer,Q509455,fr,Bulbul à ventre rouge,Q509455
Pycnonotus cafer,Q509455,hu,Kormos bülbül,Q509455
Pycnonotus cafer,Q509455,nl,Roodbuikbuulbuul,Q509455
Pycnonotus cafer,Q509455,pl,Bilbil czerwonoplamy,Q509455
Pycnonotus cafer,Q509455,pt,Pycnonotus cafer,Q509455
Pycnonotus cafer,Q509455,sv,Rödgumpad bulbyl,Q509455
Rugulopteryx okamurae,Q29904651,de,Rugulopteryx okamurae,Q29904651
Rugulopteryx okamurae,Q29904651,en,Rugulopteryx okamurae,Q29904651
Rugulopteryx okamurae,Q29904651,es,Rugulopteryx okamurae,Q29904651
Rugulopteryx okamurae,Q29904651,fr,Rugulopteryx okamurae,Q29904651
Rugulopteryx okamurae,Q29904651,pt,Rugulopterix okamurae,Q29904651
Salvinia molesta,Q2716094,cs,Nepukalka obtížná,Q2716094
Salvinia molesta,Q2716094,de,Salvinia molesta,Q2716094
Salvinia molesta,Q2716094,en,Salvinia molesta,Q2716094
Salvinia molesta,Q2716094,es,Salvinia molesta,Q2716094
Salvinia molesta,Q2716094,fi,Poimukellussaniainen,Q2716094
Salvinia molesta,Q2716094,fr,Salvinia molesta,Q2716094
Salvinia molesta,Q2716094,nl,Grote vlotvaren,Q2716094
Salvinia molesta,Q2716094,pt,Salvinia molesta,Q2716094
Salvinia molesta,Q2716094,sv,Jättesimbräken,Q2716094
Sciurus carolinensis,Q468500,bg,Източна сива катерица,Q468500
Sciurus carolinensis,Q468500,cs,Veverka popelavá,Q468500
Sciurus carolinensis,Q468500,da,Gråt egern,Q468500
Sciurus carolinensis,Q468500,de,Grauhörnchen,Q468500
Sciurus carolinensis,Q468500,en,Field Guide/Mammals/Eastern Gray Squirrel,
Sciurus carolinensis,Q468500,es,Sciurus carolinensis,Q468500
Sciurus carolinensis,Q468500,et,Hallorav,Q468500
Sciurus carolinensis,Q468500,fi,Harmaaorava,Q468500
Sciurus carolinensis,Q468500,fr,Écureuil gris,Q468500
Sciurus carolinensis,Q468500,ga,Iora glas,Q468500
Sciurus carolinensis,Q468500,hu,Keleti szürkemókus,Q468500
Sciurus carolinensis,Q468500,it,Sciurus carolinensis,Q468500
Sciurus carolinensis,Q468500,lt,Pilkoji voverė,Q468500
Sciurus carolinensis,Q468500,lv,Pelēkā vāvere,Q468500
Sciurus carolinensis,Q468500,nl,Grijze eekhoorn,Q468500
Sciurus carolinensis,Q468500,pl,Wiewiórka szara,Q468500
Sciurus carolinensis,Q468500,pt,Esquilo-cinzento,Q468500
Sciurus carolinensis,Q468500,sv,Östlig gråekorre,Q468500
Sciurus niger,Q694296,bg,Лисича катерица,Q694296
Sciurus niger,Q694296,de,Fuchshörnchen,Q694296
Sciurus niger,Q694296,en,Fox squirrel,Q694296
Sciurus niger,Q694296,es,Sciurus niger,Q694296
Sciurus niger,Q694296,fi,Iso-orava,Q694296
Sciurus niger,Q694296,fr,Sciurus niger,Q694296
Sciurus niger,Q694296,ga,Iora sionnaigh oirthearach,Q694296
Sciurus niger,Q694296,hu,Amerikai rókamókus,Q694296
Sciurus niger,Q694296,it,Sciurus niger,Q694296
Sciurus niger,Q694296,nl,Amerikaanse voseekhoorn,Q694296
Sciurus niger,Q694296,sv,Östlig rävekorre,Q694296
Solenopsis geminata,Q3720386,en,Solenopsis geminata,Q3720386
Solenopsis geminata,Q3720386,es,Solenopsis geminata,Q3720386
Solenopsis geminata,Q3720386,nl,Solenopsis geminata,Q3720386
Solenopsis geminata,Q3720386,pt,Solenopsis geminata,Q3720386
Solenopsis geminata,Q3720386,sv,Tropisk eldmyra,Q3720386
Solenopsis invicta,Q1194382,de,Rote Feuerameise,Q1194382
Solenopsis invicta,Q1194382,en,Red imported fire ant,Q1194382
Solenopsis invicta,Q1194382,es,Solenopsis invicta,Q1194382
Solenopsis invicta,Q1194382,fi,Tulimuurahainen,Q1194382
Solenopsis invicta,Q1194382,fr,Solenopsis invicta,Q1194382
Solenopsis invicta,Q1194382,ga,Solenopsis invicta,Q1194382
Solenopsis invicta,Q1194382,it,Solenopsis invicta,Q1194382
Solenopsis invicta,Q1194382,nl,Rode vuurmier,Q1194382
Solenopsis invicta,Q1194382,pl,Mrówka ognista (Solenopsis invicta),Q1194382
Solenopsis invicta,Q1194382,pt,Formiga-de-fogo-vermelha,Q1194382
Solenopsis invicta,Q1194382,ro,Furnică de foc importată roșie,Q1194382
Solenopsis invicta,Q1194382,sl,Rdeča ognjena mravlja,Q1194382
Solenopsis invicta,Q1194382,sv,Röd eldmyra,Q1194382
Solenopsis richteri,Q2033073,en,Black imported fire ant,Q2033073
Solenopsis richteri,Q2033073,es,Solenopsis richteri,Q2033073
Solenopsis richteri,Q2033073,nl,Solenopsis richteri,Q2033073
Solenopsis richteri,Q2033073,pt,Solenopsis richteri,Q2033073
Solenopsis richteri,Q2033073,ro,Furnică de foc neagră importată,Q2033073
Solenopsis richteri,Q2033073,sv,Svart eldmyra,Q2033073
Tamias sibiricus,Q329187,bg,Азиатски бурундук,Q329187
Tamias sibiricus,Q329187,cs,Burunduk páskovaný,Q329187
Tamias sibiricus,Q329187,da,Sibirisk jordegern,Q329187
Tamias sibiricus,Q329187,de,Burunduk,Q329187
Tamias sibiricus,Q329187,en,Siberian chipmunk,Q329187
Tamias sibiricus,Q329187,es,Eutamias sibiricus,Q329187
Tamias sibiricus,Q329187,fi,Siperianmaaorava,Q329187
Tamias sibiricus,Q329187,fr,Tamias sibiricus,Q329187
Tamias sibiricus,Q329187,hu,Szibériai csíkosmókus,Q329187
Tamias sibiricus,Q329187,it,Tamias sibiricus,Q329187
Tamias sibiricus,Q329187,lt,Azijinis burundukas,Q329187
Tamias sibiricus,Q329187,lv,Sibīrijas burunduks,Q329187
Tamias sibiricus,Q329187,nl,Siberische grondeekhoorn,Q329187
Tamias sibiricus,Q329187,pl,Burunduk syberyjski,Q329187
Tamias sibiricus,Q329187,pt,Esquilo-da-sibéria,Q329187
Tamias sibiricus,Q329187,ro,Veveriță siberiană,Q329187
Tamias sibiricus,Q329187,sv,Sibirisk jordekorre,Q329187
Threskiornis aethiopicus,Q208763,bg,Свещен ибис,Q208763
Threskiornis aethiopicus,Q208763,cs,Ibis posvátný,Q208763
Threskiornis aethiopicus,Q208763,da,Hellig ibis,Q208763
Threskiornis aethiopicus,Q208763,de,Pharaonenibis,Q208763
Threskiornis aethiopicus,Q208763,el,Ιερή ίβιδα,Q208763
Threskiornis aethiopicus,Q208763,en,African sacred ibis,Q208763
Threskiornis aethiopicus,Q208763,es,Threskiornis aethiopicus,Q208763
Threskiornis aethiopicus,Q208763,fi,Pyhäiibis,Q208763
Threskiornis aethiopicus,Q208763,fr,Ibis sacré,Q208763
Threskiornis aethiopicus,Q208763,ga,Íbis bheannaithe,Q208763
Threskiornis aethiopicus,Q208763,hu,Szent íbisz,Q208763
Threskiornis aethiopicus,Q208763,it,Threskiornis aethiopicus,Q208763
Threskiornis aethiopicus,Q208763,lt,Afrikinis šventasis ibis,Q208763
Threskiornis aethiopicus,Q208763,nl,Heilige ibis,Q208763
Threskiornis aethiopicus,Q208763,pl,Ibis czczony,Q208763
Threskiornis aethiopicus,Q208763,pt,Íbis-sagrado,Q208763
Threskiornis aethiopicus,Q208763,ro,Ibis sacru african,Q208763
Threskiornis aethiopicus,Q208763,sk,Ibis posvätný,Q208763
Threskiornis aethiopicus,Q208763,sv,Helig ibis,Q208763
Trachemys scripta elegans,Q207839,cs,Želva nádherná,Q207839
Trachemys scripta elegans,Q207839,da,Rødøret terrapin,Q207839
Trachemys scripta elegans,Q207839,de,Rotwangen-Schmuckschildkröte,Q207839
Trachemys scripta elegans,Q207839,el,Κοκκινομάγουλη χελώνα,Q207839
Trachemys scripta elegans,Q207839,en,Red-eared slider,Q207839
Trachemys scripta elegans,Q207839,es,Trachemys scripta elegans,Q207839
Trachemys scripta elegans,Q207839,et,Punakõrv-ilukilpkonn,Q207839
Trachemys scripta elegans,Q207839,fi,Punakorvakilpikonna,Q207839
Trachemys scripta elegans,Q207839,fr,Tortue de Floride,Q207839
Trachemys scripta elegans,Q207839,hr,Crvenouha kornjača,Q207839
Trachemys scripta elegans,Q207839,hu,Vörösfülű ékszerteknős,Q207839
Trachemys scripta elegans,Q207839,it,Trachemys scripta elegans,Q207839
Trachemys scripta elegans,Q207839,lt,Raudonausis raštuotasis vėžlys,Q207839
Trachemys scripta elegans,Q207839,nl,Roodwangschildpad,Q207839
Trachemys scripta elegans,Q207839,pl,Żółw czerwonolicy,Q207839
Trachemys scripta elegans,Q207839,pt,Tartaruga-de-orelha-vermelha,Q207839
Trachemys scripta elegans,Q207839,ro,Țestoasă de apă cu tâmple roșii,Q207839
Trachemys scripta elegans,Q207839,sk,Korytnačka písmenková ozdobná,Q207839
Trachemys scripta elegans,Q207839,sv,Rödörad vattensköldpadda,Q207839
Triadica sebifera,Q702175,cs,Kožokvět lojonosný,Q702175
Triadica sebifera,Q702175,de,Chinesischer Talgbaum,Q702175
Triadica sebifera,Q702175,en,Triadica sebifera,Q702175
Triadica sebifera,Q702175,es,Triadica sebifera,Q702175
Triadica sebifera,Q702175,fi,Kiinantalipuu,Q702175
Triadica sebifera,Q702175,fr,Triadica sebifera,Q702175
Triadica sebifera,Q702175,it,Triadica sebifera,Q702175
Triadica sebifera,Q702175,pl,Smokrzyn łojodajny,Q702175
Triadica sebifera,Q702175,pt,Sapium sebiferum,Q702175
Triadica sebifera,Q702175,sv,Triadica sebifera,Q702175
Vespa velutina nigrithorax,Q136668,cs,Sršeň asijská,Q136668
Vespa velutina nigrithorax,Q136668,de,Asiatische Hornisse,Q136668
Vespa velutina nigrithorax,Q136668,en,Asian hornet,Q136668
Vespa velutina nigrithorax,Q136668,es,Vespa velutina,Q136668
Vespa velutina nigrithorax,Q136668,fi,Aasianherhiläinen,Q136668
Vespa velutina nigrithorax,Q136668,fr,Vespa velutina,Q136668
Vespa velutina nigrithorax,Q136668,ga,Vespa velutina,Q136668
Vespa velutina nigrithorax,Q136668,hu,Ázsiai lódarázs,Q136668
Vespa velutina nigrithorax,Q136668,it,Vespa velutina,Q136668
Vespa velutina nigrithorax,Q136668,nl,Aziatische hoornaar,Q136668
Vespa velutina nigrithorax,Q136668,pl,Vespa velutina,Q136668
Vespa velutina nigrithorax,Q136668,pt,Vespa asiática,Q136668
Vespa velutina nigrithorax,Q136668,sl,Azijski sršen,Q136668
Vespa velutina nigrithorax,Q136668,sv,Sammetsgeting,Q136668
Wasmannia auropunctata,Q978483,de,Kleine Feuerameise,Q978483
Wasmannia auropunctata,Q978483,en,Electric ant,Q978483
Wasmannia auropunctata,Q978483,es,Wasmannia auropunctata,Q978483
Wasmannia auropunctata,Q978483,fr,Wasmannia auropunctata,Q978483
Wasmannia auropunctata,Q978483,nl,Dwergvuurmier,Q978483
Wasmannia auropunctata,Q978483,pt,Wasmannia auropunctata,Q978483
Wasmannia auropunctata,Q978483,sv,Wasmannia auropunctata,Q978483
Xenopus laevis,Q654718,bg,Обикновена ноктеста жаба,Q654718
Xenopus laevis,Q654718,cs,Drápatka vodní,Q654718
Xenopus laevis,Q654718,da,Xenopus laevis,Q654718
Xenopus laevis,Q654718,de,Krallenfrosch,Q654718
Xenopus laevis,Q654718,en,African clawed frog,Q654718
Xenopus laevis,Q654718,es,Xenopus laevis,Q654718
Xenopus laevis,Q654718,et,Suur-kannuskonn,Q654718
Xenopus laevis,Q654718,fi,Afrikankynsisammakko,Q654718
Xenopus laevis,Q654718,fr,Xenopus laevis,Q654718
Xenopus laevis,Q654718,hu,Dél-afrikai karmosbéka,Q654718
Xenopus laevis,Q654718,it,Xenopus laevis,Q654718
Xenopus laevis,Q654718,nl,Klauwkikker,Q654718
Xenopus laevis,Q654718,pl,Platana szponiasta,Q654718
Xenopus laevis,Q654718,pt,Xenopus laevis,Q654718
Xenopus laevis,Q654718,sv,Afrikansk klogroda,Q654718
