EASIN.ID,SCIENTIFIC_NAME,COUNTRY,YEAR,Group,Habitat,WIKI NAME
R00053,Acacia saligna,CY,1881,Plantae,Terrestrial,Acacia saligna
R00053,Acacia saligna,CZ,2012,Plantae,Terrestrial,Acacia saligna
R00053,Acacia saligna,DK,2023,Plantae,Terrestrial,Acacia saligna
R00053,Acacia saligna,EL,1842,Plantae,Terrestrial,Acacia saligna
R00053,Acacia saligna,ES,1800,Plantae,Terrestrial,Acacia saligna
R00053,Acacia saligna,FR,1838,Plantae,Terrestrial,Acacia saligna
R00053,Acacia saligna,HR,1926,Plantae,Terrestrial,Acacia saligna
R00053,Acacia saligna,IT,1842,Plantae,Terrestrial,Acacia saligna
R00053,Acacia saligna,MT,1864,Plantae,Terrestrial,Acacia saligna
R00053,Acacia saligna,PT,1869,Plantae,Terrestrial,Acacia saligna
R00053,Acacia saligna,SE,1918,Plantae,Terrestrial,Acacia saligna
R00053,Acacia saligna,UK,1818,Plantae,Terrestrial,Acacia saligna
R00212,Acridotheres tristis,AT,2010,Aves,Terrestrial,Acridotheres tristis
R00212,Acridotheres tristis,CY,2022,Aves,Terrestrial,Acridotheres tristis
R00212,Acridotheres tristis,DE,1971,Aves,Terrestrial,Acridotheres tristis
R00212,Acridotheres tristis,DK,1980,Aves,Terrestrial,Acridotheres tristis
R00212,Acridotheres tristis,ES,1993,Aves,Terrestrial,Acridotheres tristis
R00212,Acridotheres tristis,FR,2008,Aves,Terrestrial,Acridotheres tristis
R00212,Acridotheres tristis,EL,2017,Aves,Terrestrial,Acridotheres tristis
R00212,Acridotheres tristis,IT,1987,Aves,Terrestrial,Acridotheres tristis
R00212,Acridotheres tristis,NL,1984,Aves,Terrestrial,Acridotheres tristis
R00212,Acridotheres tristis,PT,2001,Aves,Terrestrial,Acridotheres tristis
R00212,Acridotheres tristis,UK,1956,Aves,Terrestrial,Acridotheres tristis
R00460,Ailanthus altissima,AT,1796,Plantae,Terrestrial,Ailanthus altissima
R00460,Ailanthus altissima,BE,1952,Plantae,Terrestrial,Ailanthus altissima
R00460,Ailanthus altissima,BG,1928,Plantae,Terrestrial,Ailanthus altissima
R00460,Ailanthus altissima,CY,1915,Plantae,Terrestrial,Ailanthus altissima
R00460,Ailanthus altissima,CZ,1874,Plantae,Terrestrial,Ailanthus altissima
R00460,Ailanthus altissima,DE,1900,Plantae,Terrestrial,Ailanthus altissima
R00460,Ailanthus altissima,DK,1992,Plantae,Terrestrial,Ailanthus altissima
R00460,Ailanthus altissima,EE,1975,Plantae,Terrestrial,Ailanthus altissima
R00460,Ailanthus altissima,EL,1910,Plantae,Terrestrial,Ailanthus altissima
R00460,Ailanthus altissima,ES,1818,Plantae,Terrestrial,Ailanthus altissima
R00460,Ailanthus altissima,FR,1749,Plantae,Terrestrial,Ailanthus altissima
R00460,Ailanthus altissima,HR,2010,Plantae,Terrestrial,Ailanthus altissima
R00460,Ailanthus altissima,HU,1841,Plantae,Terrestrial,Ailanthus altissima
R00460,Ailanthus altissima,IE,2009,Plantae,Terrestrial,Ailanthus altissima
R00460,Ailanthus altissima,IT,1760,Plantae,Terrestrial,Ailanthus altissima
R00460,Ailanthus altissima,LU,1875,Plantae,Terrestrial,Ailanthus altissima
R00460,Ailanthus altissima,MT,1995,Plantae,Terrestrial,Ailanthus altissima
R00460,Ailanthus altissima,LV,2009,Plantae,Terrestrial,Ailanthus altissima
R00460,Ailanthus altissima,NL,1800,Plantae,Terrestrial,Ailanthus altissima
R00460,Ailanthus altissima,PL,1818,Plantae,Terrestrial,Ailanthus altissima
R00460,Ailanthus altissima,PT,1962,Plantae,Terrestrial,Ailanthus altissima
R00460,Ailanthus altissima,RO,1866,Plantae,Terrestrial,Ailanthus altissima
R00460,Ailanthus altissima,SE,1970,Plantae,Terrestrial,Ailanthus altissima
R00460,Ailanthus altissima,SI,1850,Plantae,Terrestrial,Ailanthus altissima
R00460,Ailanthus altissima,SK,1850,Plantae,Terrestrial,Ailanthus altissima
R00460,Ailanthus altissima,UK,1935,Plantae,Terrestrial,Ailanthus altissima
R00644,Alopochen aegyptiaca,AT,1994,Aves,Both,Alopochen aegyptiaca
R00644,Alopochen aegyptiaca,BE,1982,Aves,Both,Alopochen aegyptiaca
R00644,Alopochen aegyptiaca,CZ,1979,Aves,Both,Alopochen aegyptiaca
R00644,Alopochen aegyptiaca,DE,1832,Aves,Both,Alopochen aegyptiaca
R00644,Alopochen aegyptiaca,DK,1971,Aves,Both,Alopochen aegyptiaca
R00644,Alopochen aegyptiaca,ES,2001,Aves,Both,Alopochen aegyptiaca
R00644,Alopochen aegyptiaca,FR,1984,Aves,Both,Alopochen aegyptiaca
R00644,Alopochen aegyptiaca,EL,2004,Aves,Both,Alopochen aegyptiaca
R00644,Alopochen aegyptiaca,HR,2013,Aves,Both,Alopochen aegyptiaca
R00644,Alopochen aegyptiaca,HU,1983,Aves,Both,Alopochen aegyptiaca
R00644,Alopochen aegyptiaca,IE,2007,Aves,Both,Alopochen aegyptiaca
R00644,Alopochen aegyptiaca,IT,1998,Aves,Both,Alopochen aegyptiaca
R00644,Alopochen aegyptiaca,LT,2016,Aves,Both,Alopochen aegyptiaca
R00644,Alopochen aegyptiaca,LU,1984,Aves,Both,Alopochen aegyptiaca
R00644,Alopochen aegyptiaca,NL,1967,Aves,Both,Alopochen aegyptiaca
R00644,Alopochen aegyptiaca,PL,1877,Aves,Both,Alopochen aegyptiaca
R00644,Alopochen aegyptiaca,PT,1989,Aves,Both,Alopochen aegyptiaca
R00644,Alopochen aegyptiaca,RO,1990,Aves,Both,Alopochen aegyptiaca
R00644,Alopochen aegyptiaca,SE,1850,Aves,Both,Alopochen aegyptiaca
R00644,Alopochen aegyptiaca,SI,2005,Aves,Both,Alopochen aegyptiaca
R00644,Alopochen aegyptiaca,SK,1993,Aves,Both,Alopochen aegyptiaca
R00644,Alopochen aegyptiaca,UK,1795,Aves,Both,Alopochen aegyptiaca
R00669,Alternanthera philoxeroides,ES,2014,Plantae,Both,Alternanthera philoxeroides
R00669,Alternanthera philoxeroides,FR,1971,Plantae,Both,Alternanthera philoxeroides
R00669,Alternanthera philoxeroides,IT,1999,Plantae,Both,Alternanthera philoxeroides
R00669,Alternanthera philoxeroides,NL,2015,Plantae,Both,Alternanthera philoxeroides
R00826,Ameiurus melas,AT,2017,Pisces,Aquatic,Ameiurus melas
R00826,Ameiurus melas,BE,1892,Pisces,Aquatic,Ameiurus melas
R00826,Ameiurus melas,BG,2016,Pisces,Aquatic,Ameiurus melas
R00826,Ameiurus melas,CZ,2003,Pisces,Aquatic,Ameiurus melas
R00826,Ameiurus melas,DE,1885,Pisces,Aquatic,Ameiurus melas
R00826,Ameiurus melas,ES,1950,Pisces,Aquatic,Ameiurus melas
R00826,Ameiurus melas,FR,1871,Pisces,Aquatic,Ameiurus melas
R00826,Ameiurus melas,HR,1905,Pisces,Aquatic,Ameiurus melas
R00826,Ameiurus melas,HU,1980,Pisces,Aquatic,Ameiurus melas
R00826,Ameiurus melas,IE,1875,Pisces,Aquatic,Ameiurus melas
R00826,Ameiurus melas,IT,1999,Pisces,Aquatic,Ameiurus melas
R00826,Ameiurus melas,LU,1996,Pisces,Aquatic,Ameiurus melas
R00826,Ameiurus melas,NL,1936,Pisces,Aquatic,Ameiurus melas
R00826,Ameiurus melas,PL,1953,Pisces,Aquatic,Ameiurus melas
R00826,Ameiurus melas,PT,2000,Pisces,Aquatic,Ameiurus melas
R00826,Ameiurus melas,RO,1997,Pisces,Aquatic,Ameiurus melas
R00826,Ameiurus melas,SE,2014,Pisces,Aquatic,Ameiurus melas
R00826,Ameiurus melas,SI,1935,Pisces,Aquatic,Ameiurus melas
R00826,Ameiurus melas,SK,1999,Pisces,Aquatic,Ameiurus melas
R00826,Ameiurus melas,UK,1885,Pisces,Aquatic,Ameiurus melas
R00994,Andropogon virginicus,FR,1950,Plantae,Terrestrial,Andropogon virginicus
R01506,Arthurdendyus triangulatus,DK,1987,Rhabditophora,Terrestrial,Arthurdendyus triangulatus
R01506,Arthurdendyus triangulatus,IE,1963,Rhabditophora,Terrestrial,Arthurdendyus triangulatus
R01506,Arthurdendyus triangulatus,UK,1977,Rhabditophora,Terrestrial,Arthurdendyus triangulatus
R01529,Asclepias syriaca,AT,1890,Plantae,Terrestrial,Asclepias syriaca
R01529,Asclepias syriaca,BE,1987,Plantae,Terrestrial,Asclepias syriaca
R01529,Asclepias syriaca,BG,1948,Plantae,Terrestrial,Asclepias syriaca
R01529,Asclepias syriaca,CZ,1901,Plantae,Terrestrial,Asclepias syriaca
R01529,Asclepias syriaca,DE,1827,Plantae,Terrestrial,Asclepias syriaca
R01529,Asclepias syriaca,DK,2007,Plantae,Terrestrial,Asclepias syriaca
R01529,Asclepias syriaca,EE,2019,Plantae,Terrestrial,Asclepias syriaca
R01529,Asclepias syriaca,EL,1989,Plantae,Terrestrial,Asclepias syriaca
R01529,Asclepias syriaca,ES,2018,Plantae,Terrestrial,Asclepias syriaca
R01529,Asclepias syriaca,FI,2018,Plantae,Terrestrial,Asclepias syriaca
R01529,Asclepias syriaca,FR,1825,Plantae,Terrestrial,Asclepias syriaca
R01529,Asclepias syriaca,HR,1950,Plantae,Terrestrial,Asclepias syriaca
R01529,Asclepias syriaca,HU,1800,Plantae,Terrestrial,Asclepias syriaca
R01529,Asclepias syriaca,IT,1977,Plantae,Terrestrial,Asclepias syriaca
R01529,Asclepias syriaca,LU,1836,Plantae,Terrestrial,Asclepias syriaca
R01529,Asclepias syriaca,LT,1964,Plantae,Terrestrial,Asclepias syriaca
R01529,Asclepias syriaca,LV,2016,Plantae,Terrestrial,Asclepias syriaca
R01529,Asclepias syriaca,NL,1866,Plantae,Terrestrial,Asclepias syriaca
R01529,Asclepias syriaca,PL,1872,Plantae,Terrestrial,Asclepias syriaca
R01529,Asclepias syriaca,PT,1927,Plantae,Terrestrial,Asclepias syriaca
R01529,Asclepias syriaca,RO,1836,Plantae,Terrestrial,Asclepias syriaca
R01529,Asclepias syriaca,UK,1895,Plantae,Terrestrial,Asclepias syriaca
R01529,Asclepias syriaca,SE,1877,Plantae,Terrestrial,Asclepias syriaca
R01529,Asclepias syriaca,SI,1860,Plantae,Terrestrial,Asclepias syriaca
R01529,Asclepias syriaca,SK,1917,Plantae,Terrestrial,Asclepias syriaca
R01815,Axis axis,CZ,1850,Mammalia,Terrestrial,Axis axis
R01815,Axis axis,DE,1750,Mammalia,Terrestrial,Axis axis
R01815,Axis axis,HR,1974,Mammalia,Terrestrial,Axis axis
R01815,Axis axis,IE,1850,Mammalia,Terrestrial,Axis axis
R01815,Axis axis,LT,1954,Mammalia,Terrestrial,Axis axis
R01830,Baccharis halimifolia,BE,1924,Plantae,Terrestrial,Baccharis halimifolia
R01830,Baccharis halimifolia,ES,1941,Plantae,Terrestrial,Baccharis halimifolia
R01830,Baccharis halimifolia,DE,1802,Plantae,Terrestrial,Baccharis halimifolia
R01830,Baccharis halimifolia,FR,1683,Plantae,Terrestrial,Baccharis halimifolia
R01830,Baccharis halimifolia,IT,1987,Plantae,Terrestrial,Baccharis halimifolia
R01830,Baccharis halimifolia,NL,2003,Plantae,Terrestrial,Baccharis halimifolia
R01830,Baccharis halimifolia,PL,2013,Plantae,Terrestrial,Baccharis halimifolia
R01830,Baccharis halimifolia,PT,2014,Plantae,Terrestrial,Baccharis halimifolia
R01830,Baccharis halimifolia,SK,2007,Plantae,Terrestrial,Baccharis halimifolia
R01830,Baccharis halimifolia,UK,1926,Plantae,Terrestrial,Baccharis halimifolia
R02476,Cabomba caroliniana,AT,2018,Plantae,Aquatic,Cabomba caroliniana
R02476,Cabomba caroliniana,BE,1998,Plantae,Aquatic,Cabomba caroliniana
R02476,Cabomba caroliniana,DE,2006,Plantae,Aquatic,Cabomba caroliniana
R02476,Cabomba caroliniana,DK,2015,Plantae,Aquatic,Cabomba caroliniana
R02476,Cabomba caroliniana,FR,2005,Plantae,Aquatic,Cabomba caroliniana
R02476,Cabomba caroliniana,HU,2006,Plantae,Aquatic,Cabomba caroliniana
R02476,Cabomba caroliniana,NL,1986,Plantae,Aquatic,Cabomba caroliniana
R02476,Cabomba caroliniana,PL,2011,Plantae,Aquatic,Cabomba caroliniana
R02476,Cabomba caroliniana,RO,1950,Plantae,Aquatic,Cabomba caroliniana
R02476,Cabomba caroliniana,SE,1984,Plantae,Aquatic,Cabomba caroliniana
R02476,Cabomba caroliniana,UK,1971,Plantae,Aquatic,Cabomba caroliniana
R02573,Callosciurus erythraeus,BE,2005,Mammalia,Terrestrial,Callosciurus erythraeus
R02573,Callosciurus erythraeus,FR,1969,Mammalia,Terrestrial,Callosciurus erythraeus
R02573,Callosciurus erythraeus,IT,2000,Mammalia,Terrestrial,Callosciurus erythraeus
R02573,Callosciurus erythraeus,NL,1998,Mammalia,Terrestrial,Callosciurus erythraeus
R02574,Callosciurus finlaysonii,IT,1981,Mammalia,Terrestrial,Callosciurus finlaysonii
R02783,Cardiospermum grandiflorum,BE,1959,Plantae,Terrestrial,Cardiospermum grandiflorum
R02783,Cardiospermum grandiflorum,ES,1959,Plantae,Terrestrial,Cardiospermum grandiflorum
R02783,Cardiospermum grandiflorum,IT,1995,Plantae,Terrestrial,Cardiospermum grandiflorum
R02783,Cardiospermum grandiflorum,FR,2009,Plantae,Terrestrial,Cardiospermum grandiflorum
R02783,Cardiospermum grandiflorum,MT,2013,Plantae,Terrestrial,Cardiospermum grandiflorum
R02783,Cardiospermum grandiflorum,NL,1959,Plantae,Terrestrial,Cardiospermum grandiflorum
R02783,Cardiospermum grandiflorum,PT,1960,Plantae,Terrestrial,Cardiospermum grandiflorum
R02976,Celastrus orbiculatus,AT,2012,Plantae,Terrestrial,Celastrus orbiculatus
R02976,Celastrus orbiculatus,BE,1900,Plantae,Terrestrial,Celastrus orbiculatus
R02976,Celastrus orbiculatus,BG,2006,Plantae,Terrestrial,Celastrus orbiculatus
R02976,Celastrus orbiculatus,CZ,2000,Plantae,Terrestrial,Celastrus orbiculatus
R02976,Celastrus orbiculatus,DE,1889,Plantae,Terrestrial,Celastrus orbiculatus
R02976,Celastrus orbiculatus,DK,1994,Plantae,Terrestrial,Celastrus orbiculatus
R02976,Celastrus orbiculatus,EE,1900,Plantae,Terrestrial,Celastrus orbiculatus
R02976,Celastrus orbiculatus,FI,1980,Plantae,Terrestrial,Celastrus orbiculatus
R02976,Celastrus orbiculatus,FR,1900,Plantae,Terrestrial,Celastrus orbiculatus
R02976,Celastrus orbiculatus,HU,1990,Plantae,Terrestrial,Celastrus orbiculatus
R02976,Celastrus orbiculatus,LT,2014,Plantae,Terrestrial,Celastrus orbiculatus
R02976,Celastrus orbiculatus,LV,1873,Plantae,Terrestrial,Celastrus orbiculatus
R02976,Celastrus orbiculatus,NL,1863,Plantae,Terrestrial,Celastrus orbiculatus
R02976,Celastrus orbiculatus,PL,1901,Plantae,Terrestrial,Celastrus orbiculatus
R02976,Celastrus orbiculatus,RO,1900,Plantae,Terrestrial,Celastrus orbiculatus
R02976,Celastrus orbiculatus,SE,1900,Plantae,Terrestrial,Celastrus orbiculatus
R02976,Celastrus orbiculatus,SK,2021,Plantae,Terrestrial,Celastrus orbiculatus
R02976,Celastrus orbiculatus,UK,1891,Plantae,Terrestrial,Celastrus orbiculatus
R03000,Cenchrus setaceus,BE,2018,Plantae,Terrestrial,Pennisetum setaceum
R03000,Cenchrus setaceus,BG,2011,Plantae,Terrestrial,Pennisetum setaceum
R03000,Cenchrus setaceus,CY,2017,Plantae,Terrestrial,Pennisetum setaceum
R03000,Cenchrus setaceus,DE,2017,Plantae,Terrestrial,Pennisetum setaceum
R03000,Cenchrus setaceus,ES,1989,Plantae,Terrestrial,Pennisetum setaceum
R03000,Cenchrus setaceus,FR,2002,Plantae,Terrestrial,Pennisetum setaceum
R03000,Cenchrus setaceus,IT,1939,Plantae,Terrestrial,Pennisetum setaceum
R03000,Cenchrus setaceus,LU,2019,Plantae,Terrestrial,Pennisetum setaceum
R03000,Cenchrus setaceus,MT,2007,Plantae,Terrestrial,Pennisetum setaceum
R03000,Cenchrus setaceus,PL,1993,Plantae,Terrestrial,Pennisetum setaceum
R03000,Cenchrus setaceus,PT,2004,Plantae,Terrestrial,Pennisetum setaceum
R03000,Cenchrus setaceus,SE,2001,Plantae,Terrestrial,Pennisetum setaceum
R03330,Channa argus,CZ,1956,Pisces,Aquatic,Channa argus
R03330,Channa argus,DE,1996,Pisces,Aquatic,Channa argus
R03330,Channa argus,SK,2004,Pisces,Aquatic,Channa argus
R19708,Cortaderia selloana subsp. jubata,BE,2020,Plantae,Terrestrial,Cortaderia jubata
R19708,Cortaderia selloana subsp. jubata,ES,2019,Plantae,Terrestrial,Cortaderia jubata
R19708,Cortaderia selloana subsp. jubata,FR,1898,Plantae,Terrestrial,Cortaderia jubata
R04121,Corvus splendens,BE,2004,Aves,Terrestrial,Corvus splendens
R04121,Corvus splendens,CY,2011,Aves,Terrestrial,Corvus splendens
R04121,Corvus splendens,DK,1986,Aves,Terrestrial,Corvus splendens
R04121,Corvus splendens,ES,2004,Aves,Terrestrial,Corvus splendens
R04121,Corvus splendens,FR,2000,Aves,Terrestrial,Corvus splendens
R04121,Corvus splendens,HU,2002,Aves,Terrestrial,Corvus splendens
R04121,Corvus splendens,IE,1974,Aves,Terrestrial,Corvus splendens
R04121,Corvus splendens,NL,1994,Aves,Terrestrial,Corvus splendens
R04121,Corvus splendens,PL,2002,Aves,Terrestrial,Corvus splendens
R04121,Corvus splendens,UK,1991,Aves,Terrestrial,Corvus splendens
R05435,Ehrharta calycina,ES,1982,Plantae,Terrestrial,Ehrharta calycina
R05435,Ehrharta calycina,PT,1982,Plantae,Terrestrial,Ehrharta calycina
R05435,Ehrharta calycina,UK,1972,Plantae,Terrestrial,Ehrharta calycina
R05501,Elodea nuttallii,AT,1980,Plantae,Aquatic,Elodea nuttallii
R05501,Elodea nuttallii,BE,1939,Plantae,Aquatic,Elodea nuttallii
R05501,Elodea nuttallii,BG,2002,Plantae,Aquatic,Elodea nuttallii
R05501,Elodea nuttallii,CZ,1988,Plantae,Aquatic,Elodea nuttallii
R05501,Elodea nuttallii,DE,1953,Plantae,Aquatic,Elodea nuttallii
R05501,Elodea nuttallii,DK,1974,Plantae,Aquatic,Elodea nuttallii
R05501,Elodea nuttallii,EE,1977,Plantae,Aquatic,Elodea nuttallii
R05501,Elodea nuttallii,ES,2021,Plantae,Aquatic,Elodea nuttallii
R05501,Elodea nuttallii,FI,1965,Plantae,Aquatic,Elodea nuttallii
R05501,Elodea nuttallii,FR,1973,Plantae,Aquatic,Elodea nuttallii
R05501,Elodea nuttallii,HR,2006,Plantae,Aquatic,Elodea nuttallii
R05501,Elodea nuttallii,HU,1991,Plantae,Aquatic,Elodea nuttallii
R05501,Elodea nuttallii,IE,1836,Plantae,Aquatic,Elodea nuttallii
R05501,Elodea nuttallii,IT,1994,Plantae,Aquatic,Elodea nuttallii
R05501,Elodea nuttallii,LT,2020,Plantae,Aquatic,Elodea nuttallii
R05501,Elodea nuttallii,LU,1975,Plantae,Aquatic,Elodea nuttallii
R05501,Elodea nuttallii,NL,1941,Plantae,Aquatic,Elodea nuttallii
R05501,Elodea nuttallii,PL,1990,Plantae,Aquatic,Elodea nuttallii
R05501,Elodea nuttallii,RO,1993,Plantae,Aquatic,Elodea nuttallii
R05501,Elodea nuttallii,SE,1980,Plantae,Aquatic,Elodea nuttallii
R05501,Elodea nuttallii,SI,2007,Plantae,Aquatic,Elodea nuttallii
R05501,Elodea nuttallii,SK,2002,Plantae,Aquatic,Elodea nuttallii
R05501,Elodea nuttallii,UK,1966,Plantae,Aquatic,Elodea nuttallii
R05836,Eriocheir sinensis,AT,1927,Crustacea,Aquatic,Eriocheir sinensis
R05836,Eriocheir sinensis,BE,1933,Crustacea,Aquatic,Eriocheir sinensis
R05836,Eriocheir sinensis,BG,2005,Crustacea,Aquatic,Eriocheir sinensis
R05836,Eriocheir sinensis,CZ,1933,Crustacea,Aquatic,Eriocheir sinensis
R05836,Eriocheir sinensis,DE,1912,Crustacea,Aquatic,Eriocheir sinensis
R05836,Eriocheir sinensis,DK,1927,Crustacea,Aquatic,Eriocheir sinensis
R05836,Eriocheir sinensis,EE,1933,Crustacea,Aquatic,Eriocheir sinensis
R05836,Eriocheir sinensis,ES,1996,Crustacea,Aquatic,Eriocheir sinensis
R05836,Eriocheir sinensis,FI,1933,Crustacea,Aquatic,Eriocheir sinensis
R05836,Eriocheir sinensis,FR,1930,Crustacea,Aquatic,Eriocheir sinensis
R05836,Eriocheir sinensis,HU,2003,Crustacea,Aquatic,Eriocheir sinensis
R05836,Eriocheir sinensis,IE,2006,Crustacea,Aquatic,Eriocheir sinensis
R05836,Eriocheir sinensis,IT,2005,Crustacea,Aquatic,Eriocheir sinensis
R05836,Eriocheir sinensis,LT,1935,Crustacea,Aquatic,Eriocheir sinensis
R05836,Eriocheir sinensis,LU,1978,Crustacea,Aquatic,Eriocheir sinensis
R05836,Eriocheir sinensis,LV,1932,Crustacea,Aquatic,Eriocheir sinensis
R05836,Eriocheir sinensis,NL,1933,Crustacea,Aquatic,Eriocheir sinensis
R05836,Eriocheir sinensis,PL,1928,Crustacea,Aquatic,Eriocheir sinensis
R05836,Eriocheir sinensis,PT,1988,Crustacea,Aquatic,Eriocheir sinensis
R05836,Eriocheir sinensis,RO,1995,Crustacea,Aquatic,Eriocheir sinensis
R05836,Eriocheir sinensis,SE,1932,Crustacea,Aquatic,Eriocheir sinensis
R05836,Eriocheir sinensis,SK,2024,Crustacea,Aquatic,Eriocheir sinensis
R05836,Eriocheir sinensis,UK,1935,Crustacea,Aquatic,Eriocheir sinensis
R10443,Faxonius limosus,AT,1969,Crustacea,Aquatic,Faxonius limosus
R10443,Faxonius limosus,BE,1902,Crustacea,Aquatic,Faxonius limosus
R10443,Faxonius limosus,BG,2015,Crustacea,Aquatic,Faxonius limosus
R10443,Faxonius limosus,CZ,1988,Crustacea,Aquatic,Faxonius limosus
R10443,Faxonius limosus,DE,1890,Crustacea,Aquatic,Faxonius limosus
R10443,Faxonius limosus,EE,2017,Crustacea,Aquatic,Faxonius limosus
R10443,Faxonius limosus,ES,2010,Crustacea,Aquatic,Faxonius limosus
R10443,Faxonius limosus,FR,1911,Crustacea,Aquatic,Faxonius limosus
R10443,Faxonius limosus,HR,2003,Crustacea,Aquatic,Faxonius limosus
R10443,Faxonius limosus,HU,1959,Crustacea,Aquatic,Faxonius limosus
R10443,Faxonius limosus,IT,1991,Crustacea,Aquatic,Faxonius limosus
R10443,Faxonius limosus,LT,1994,Crustacea,Aquatic,Faxonius limosus
R10443,Faxonius limosus,LU,1978,Crustacea,Aquatic,Faxonius limosus
R10443,Faxonius limosus,LV,2005,Crustacea,Aquatic,Faxonius limosus
R10443,Faxonius limosus,NL,1970,Crustacea,Aquatic,Faxonius limosus
R10443,Faxonius limosus,PL,1890,Crustacea,Aquatic,Faxonius limosus
R10443,Faxonius limosus,RO,2008,Crustacea,Aquatic,Faxonius limosus
R10443,Faxonius limosus,SI,2015,Crustacea,Aquatic,Faxonius limosus
R10443,Faxonius limosus,SK,2007,Crustacea,Aquatic,Faxonius limosus
R10443,Faxonius limosus,UK,2000,Crustacea,Aquatic,Faxonius limosus
R19965,Faxonius rusticus,FR,2019,Crustacea,Aquatic,Faxonius rusticus
R10445,Faxonius virilis,FR,1897,Crustacea,Aquatic,Faxonius virilis
R10445,Faxonius virilis,NL,2004,Crustacea,Aquatic,Faxonius virilis
R10445,Faxonius virilis,SE,1960,Crustacea,Aquatic,Faxonius virilis
R10445,Faxonius virilis,UK,2004,Crustacea,Aquatic,Faxonius virilis
R06466,Fundulus heteroclitus,ES,1973,Pisces,Aquatic,Fundulus heteroclitus
R06466,Fundulus heteroclitus,PL,1976,Pisces,Aquatic,Fundulus heteroclitus
R06573,Gambusia affinis,HR,1926,Pisces,Aquatic,Gambusia affinis
R06573,Gambusia affinis,IT,1927,Pisces,Aquatic,Gambusia affinis
R06574,Gambusia holbrooki,BG,1924,Pisces,Aquatic,Gambusia holbrooki
R06574,Gambusia holbrooki,CY,1939,Pisces,Aquatic,Gambusia holbrooki
R06574,Gambusia holbrooki,ES,1921,Pisces,Aquatic,Gambusia holbrooki
R06574,Gambusia holbrooki,FR,1927,Pisces,Aquatic,Gambusia holbrooki
R06574,Gambusia holbrooki,EL,1927,Pisces,Aquatic,Gambusia holbrooki
R06574,Gambusia holbrooki,HR,1924,Pisces,Aquatic,Gambusia holbrooki
R06574,Gambusia holbrooki,HU,1939,Pisces,Aquatic,Gambusia holbrooki
R06574,Gambusia holbrooki,IT,1922,Pisces,Aquatic,Gambusia holbrooki
R06574,Gambusia holbrooki,PT,1921,Pisces,Aquatic,Gambusia holbrooki
R06574,Gambusia holbrooki,RO,1927,Pisces,Aquatic,Gambusia holbrooki
R06574,Gambusia holbrooki,SI,1927,Pisces,Aquatic,Gambusia holbrooki
R06923,Gunnera tinctoria,BE,1839,Plantae,Terrestrial,Gunnera tinctoria
R06923,Gunnera tinctoria,DE,1979,Plantae,Terrestrial,Gunnera tinctoria
R06923,Gunnera tinctoria,DK,2020,Plantae,Terrestrial,Gunnera tinctoria
R06923,Gunnera tinctoria,ES,1994,Plantae,Terrestrial,Gunnera tinctoria
R06923,Gunnera tinctoria,FR,1980,Plantae,Terrestrial,Gunnera tinctoria
R06923,Gunnera tinctoria,IE,1935,Plantae,Terrestrial,Gunnera tinctoria
R06923,Gunnera tinctoria,LU,2019,Plantae,Terrestrial,Gunnera tinctoria
R06923,Gunnera tinctoria,NL,1966,Plantae,Terrestrial,Gunnera tinctoria
R06923,Gunnera tinctoria,PT,1972,Plantae,Terrestrial,Gunnera tinctoria
R06923,Gunnera tinctoria,SE,1911,Plantae,Terrestrial,Gunnera tinctoria
R06923,Gunnera tinctoria,UK,1849,Plantae,Terrestrial,Gunnera tinctoria
R06930,Gymnocoronis spilanthoides,FR,2022,Plantae,Terrestrial,Gymnocoronis spilanthoides
R06930,Gymnocoronis spilanthoides,HU,1988,Plantae,Terrestrial,Gymnocoronis spilanthoides
R06930,Gymnocoronis spilanthoides,IT,2015,Plantae,Terrestrial,Gymnocoronis spilanthoides
R06930,Gymnocoronis spilanthoides,NL,2017,Plantae,Terrestrial,Gymnocoronis spilanthoides
R06930,Gymnocoronis spilanthoides,SE,2012,Plantae,Terrestrial,Gymnocoronis spilanthoides
R07005,Hakea sericea,BE,2018,Plantae,Terrestrial,Hakea sericea
R07005,Hakea sericea,EE,2013,Plantae,Terrestrial,Hakea sericea
R07005,Hakea sericea,ES,1900,Plantae,Terrestrial,Hakea sericea
R07005,Hakea sericea,FR,1917,Plantae,Terrestrial,Hakea sericea
R07005,Hakea sericea,IT,1978,Plantae,Terrestrial,Hakea sericea
R07005,Hakea sericea,PT,1900,Plantae,Terrestrial,Hakea sericea
R07248,Heracleum mantegazzianum,AT,1991,Plantae,Terrestrial,Heracleum mantegazzianum
R07248,Heracleum mantegazzianum,BE,1945,Plantae,Terrestrial,Heracleum mantegazzianum
R07248,Heracleum mantegazzianum,BG,2017,Plantae,Terrestrial,Heracleum mantegazzianum
R07248,Heracleum mantegazzianum,CZ,1877,Plantae,Terrestrial,Heracleum mantegazzianum
R07248,Heracleum mantegazzianum,DE,1943,Plantae,Terrestrial,Heracleum mantegazzianum
R07248,Heracleum mantegazzianum,DK,1887,Plantae,Terrestrial,Heracleum mantegazzianum
R07248,Heracleum mantegazzianum,EE,1814,Plantae,Terrestrial,Heracleum mantegazzianum
R07248,Heracleum mantegazzianum,EL,2018,Plantae,Terrestrial,Heracleum mantegazzianum
R07248,Heracleum mantegazzianum,ES,2012,Plantae,Terrestrial,Heracleum mantegazzianum
R07248,Heracleum mantegazzianum,FI,1970,Plantae,Terrestrial,Heracleum mantegazzianum
R07248,Heracleum mantegazzianum,FR,1930,Plantae,Terrestrial,Heracleum mantegazzianum
R07248,Heracleum mantegazzianum,HR,2009,Plantae,Terrestrial,Heracleum mantegazzianum
R07248,Heracleum mantegazzianum,HU,1962,Plantae,Terrestrial,Heracleum mantegazzianum
R07248,Heracleum mantegazzianum,IE,1866,Plantae,Terrestrial,Heracleum mantegazzianum
R07248,Heracleum mantegazzianum,IT,1905,Plantae,Terrestrial,Heracleum mantegazzianum
R07248,Heracleum mantegazzianum,LT,2020,Plantae,Terrestrial,Heracleum mantegazzianum
R07248,Heracleum mantegazzianum,LU,1934,Plantae,Terrestrial,Heracleum mantegazzianum
R07248,Heracleum mantegazzianum,LV,1923,Plantae,Terrestrial,Heracleum mantegazzianum
R07248,Heracleum mantegazzianum,NL,1895,Plantae,Terrestrial,Heracleum mantegazzianum
R07248,Heracleum mantegazzianum,PL,1973,Plantae,Terrestrial,Heracleum mantegazzianum
R07248,Heracleum mantegazzianum,PT,2013,Plantae,Terrestrial,Heracleum mantegazzianum
R07248,Heracleum mantegazzianum,RO,2021,Plantae,Terrestrial,Heracleum mantegazzianum
R07248,Heracleum mantegazzianum,SE,1894,Plantae,Terrestrial,Heracleum mantegazzianum
R07248,Heracleum mantegazzianum,SI,1980,Plantae,Terrestrial,Heracleum mantegazzianum
R07248,Heracleum mantegazzianum,SK,1963,Plantae,Terrestrial,Heracleum mantegazzianum
R07248,Heracleum mantegazzianum,UK,1817,Plantae,Terrestrial,Heracleum mantegazzianum
R07250,Heracleum persicum,BE,1834,Plantae,Terrestrial,Heracleum persicum
R07250,Heracleum persicum,DE,1911,Plantae,Terrestrial,Heracleum persicum
R07250,Heracleum persicum,DK,1888,Plantae,Terrestrial,Heracleum persicum
R07250,Heracleum persicum,FR,1834,Plantae,Terrestrial,Heracleum persicum
R07250,Heracleum persicum,EE,1777,Plantae,Terrestrial,Heracleum persicum
R07250,Heracleum persicum,FI,1871,Plantae,Terrestrial,Heracleum persicum
R07250,Heracleum persicum,LV,2003,Plantae,Terrestrial,Heracleum persicum
R07250,Heracleum persicum,NL,1917,Plantae,Terrestrial,Heracleum persicum
R07250,Heracleum persicum,SE,1933,Plantae,Terrestrial,Heracleum persicum
R07250,Heracleum persicum,UK,1819,Plantae,Terrestrial,Heracleum persicum
R07252,Heracleum sosnowskyi,BE,2017,Plantae,Terrestrial,Heracleum sosnowskyi
R07252,Heracleum sosnowskyi,BG,2018,Plantae,Terrestrial,Heracleum sosnowskyi
R07252,Heracleum sosnowskyi,CZ,2016,Plantae,Terrestrial,Heracleum sosnowskyi
R07252,Heracleum sosnowskyi,DE,1963,Plantae,Terrestrial,Heracleum sosnowskyi
R07252,Heracleum sosnowskyi,DK,1993,Plantae,Terrestrial,Heracleum sosnowskyi
R07252,Heracleum sosnowskyi,EE,1957,Plantae,Terrestrial,Heracleum sosnowskyi
R07252,Heracleum sosnowskyi,FI,2013,Plantae,Terrestrial,Heracleum sosnowskyi
R07252,Heracleum sosnowskyi,HU,2004,Plantae,Terrestrial,Heracleum sosnowskyi
R07252,Heracleum sosnowskyi,IT,2012,Plantae,Terrestrial,Heracleum sosnowskyi
R07252,Heracleum sosnowskyi,LT,1987,Plantae,Terrestrial,Heracleum sosnowskyi
R07252,Heracleum sosnowskyi,LV,1948,Plantae,Terrestrial,Heracleum sosnowskyi
R07252,Heracleum sosnowskyi,NL,2020,Plantae,Terrestrial,Heracleum sosnowskyi
R07252,Heracleum sosnowskyi,PL,1980,Plantae,Terrestrial,Heracleum sosnowskyi
R07252,Heracleum sosnowskyi,PT,2018,Plantae,Terrestrial,Heracleum sosnowskyi
R07252,Heracleum sosnowskyi,RO,1975,Plantae,Terrestrial,Heracleum sosnowskyi
R07252,Heracleum sosnowskyi,SE,2022,Plantae,Terrestrial,Heracleum sosnowskyi
R07252,Heracleum sosnowskyi,SK,2016,Plantae,Terrestrial,Heracleum sosnowskyi
R18922,Humulus scandens,AT,1815,Plantae,Terrestrial,Humulus scandens
R18922,Humulus scandens,BE,1954,Plantae,Terrestrial,Humulus scandens
R18922,Humulus scandens,CZ,2018,Plantae,Terrestrial,Humulus scandens
R18922,Humulus scandens,DE,1888,Plantae,Terrestrial,Humulus scandens
R18922,Humulus scandens,DK,2001,Plantae,Terrestrial,Humulus scandens
R18922,Humulus scandens,EE,1889,Plantae,Terrestrial,Humulus scandens
R18922,Humulus scandens,FR,1880,Plantae,Terrestrial,Humulus scandens
R18922,Humulus scandens,HR,2016,Plantae,Terrestrial,Humulus scandens
R18922,Humulus scandens,HU,1880,Plantae,Terrestrial,Humulus scandens
R18922,Humulus scandens,IT,2008,Plantae,Terrestrial,Humulus scandens
R18922,Humulus scandens,NL,1909,Plantae,Terrestrial,Humulus scandens
R18922,Humulus scandens,PL,1928,Plantae,Terrestrial,Humulus scandens
R18922,Humulus scandens,PT,1966,Plantae,Terrestrial,Humulus scandens
R18922,Humulus scandens,RO,1923,Plantae,Terrestrial,Humulus scandens
R18922,Humulus scandens,SE,2000,Plantae,Terrestrial,Humulus scandens
R18922,Humulus scandens,SI,2001,Plantae,Terrestrial,Humulus scandens
R18922,Humulus scandens,SK,1933,Plantae,Terrestrial,Humulus scandens
R18922,Humulus scandens,UK,1994,Plantae,Terrestrial,Humulus scandens
R07537,Hydrocotyle ranunculoides,BE,1992,Plantae,Aquatic,Hydrocotyle ranunculoides
R07537,Hydrocotyle ranunculoides,DE,2004,Plantae,Aquatic,Hydrocotyle ranunculoides
R07537,Hydrocotyle ranunculoides,DK,2024,Plantae,Aquatic,Hydrocotyle ranunculoides
R07537,Hydrocotyle ranunculoides,ES,2006,Plantae,Aquatic,Hydrocotyle ranunculoides
R07537,Hydrocotyle ranunculoides,FR,2006,Plantae,Aquatic,Hydrocotyle ranunculoides
R07537,Hydrocotyle ranunculoides,HU,2005,Plantae,Aquatic,Hydrocotyle ranunculoides
R07537,Hydrocotyle ranunculoides,IE,2002,Plantae,Aquatic,Hydrocotyle ranunculoides
R07537,Hydrocotyle ranunculoides,IT,1800,Plantae,Aquatic,Hydrocotyle ranunculoides
R07537,Hydrocotyle ranunculoides,NL,1994,Plantae,Aquatic,Hydrocotyle ranunculoides
R07537,Hydrocotyle ranunculoides,PT,2020,Plantae,Aquatic,Hydrocotyle ranunculoides
R07537,Hydrocotyle ranunculoides,UK,1987,Plantae,Aquatic,Hydrocotyle ranunculoides
R07719,Impatiens glandulifera,AT,1898,Plantae,Terrestrial,Impatiens glandulifera
R07719,Impatiens glandulifera,BE,1891,Plantae,Terrestrial,Impatiens glandulifera
R07719,Impatiens glandulifera,BG,1978,Plantae,Terrestrial,Impatiens glandulifera
R07719,Impatiens glandulifera,CZ ,1896,Plantae,Terrestrial,Impatiens glandulifera
R07719,Impatiens glandulifera,DE,1909,Plantae,Terrestrial,Impatiens glandulifera
R07719,Impatiens glandulifera,DK,1888,Plantae,Terrestrial,Impatiens glandulifera
R07719,Impatiens glandulifera,EE,1939,Plantae,Terrestrial,Impatiens glandulifera
R07719,Impatiens glandulifera,EL,2019,Plantae,Terrestrial,Impatiens glandulifera
R07719,Impatiens glandulifera,ES,2006,Plantae,Terrestrial,Impatiens glandulifera
R07719,Impatiens glandulifera,FI,1947,Plantae,Terrestrial,Impatiens glandulifera
R07719,Impatiens glandulifera,FR,1839,Plantae,Terrestrial,Impatiens glandulifera
R07719,Impatiens glandulifera,HR,1968,Plantae,Terrestrial,Impatiens glandulifera
R07719,Impatiens glandulifera,HU,1920,Plantae,Terrestrial,Impatiens glandulifera
R07719,Impatiens glandulifera,IE,1906,Plantae,Terrestrial,Impatiens glandulifera
R07719,Impatiens glandulifera,IT,1916,Plantae,Terrestrial,Impatiens glandulifera
R07719,Impatiens glandulifera,LT,1959,Plantae,Terrestrial,Impatiens glandulifera
R07719,Impatiens glandulifera,LU,1897,Plantae,Terrestrial,Impatiens glandulifera
R07719,Impatiens glandulifera,LV,1898,Plantae,Terrestrial,Impatiens glandulifera
R07719,Impatiens glandulifera,NL,1845,Plantae,Terrestrial,Impatiens glandulifera
R07719,Impatiens glandulifera,PL,1850,Plantae,Terrestrial,Impatiens glandulifera
R07719,Impatiens glandulifera,RO,1882,Plantae,Terrestrial,Impatiens glandulifera
R07719,Impatiens glandulifera,SE,1918,Plantae,Terrestrial,Impatiens glandulifera
R07719,Impatiens glandulifera,SI,1900,Plantae,Terrestrial,Impatiens glandulifera
R07719,Impatiens glandulifera,SK,1958,Plantae,Terrestrial,Impatiens glandulifera
R07719,Impatiens glandulifera,UK,1839,Plantae,Terrestrial,Impatiens glandulifera
R11145,Koenigia polystachya,AT,1885,Plantae,Terrestrial,Koenigia polystachya
R11145,Koenigia polystachya,BE,1898,Plantae,Terrestrial,Koenigia polystachya
R11145,Koenigia polystachya,CZ,1897,Plantae,Terrestrial,Koenigia polystachya
R11145,Koenigia polystachya,DE,1900,Plantae,Terrestrial,Koenigia polystachya
R11145,Koenigia polystachya,DK,1930,Plantae,Terrestrial,Koenigia polystachya
R11145,Koenigia polystachya,FR,1900,Plantae,Terrestrial,Koenigia polystachya
R11145,Koenigia polystachya,IE,1900,Plantae,Terrestrial,Koenigia polystachya
R11145,Koenigia polystachya,IT,1900,Plantae,Terrestrial,Koenigia polystachya
R11145,Koenigia polystachya,LU,1976,Plantae,Terrestrial,Koenigia polystachya
R11145,Koenigia polystachya,NL,1918,Plantae,Terrestrial,Koenigia polystachya
R11145,Koenigia polystachya,PL,1927,Plantae,Terrestrial,Koenigia polystachya
R11145,Koenigia polystachya,SE,1931,Plantae,Terrestrial,Koenigia polystachya
R11145,Koenigia polystachya,SI,2019,Plantae,Terrestrial,Koenigia polystachya
R11145,Koenigia polystachya,UK,1943,Plantae,Terrestrial,Koenigia polystachya
R08062,Lagarosiphon major,AT,1938,Plantae,Aquatic,Lagarosiphon major
R08062,Lagarosiphon major,BE,1993,Plantae,Aquatic,Lagarosiphon major
R08062,Lagarosiphon major,DE,1966,Plantae,Aquatic,Lagarosiphon major
R08062,Lagarosiphon major,ES,2010,Plantae,Aquatic,Lagarosiphon major
R08062,Lagarosiphon major,FR,1914,Plantae,Aquatic,Lagarosiphon major
R08062,Lagarosiphon major,HU,2005,Plantae,Aquatic,Lagarosiphon major
R08062,Lagarosiphon major,IE,1966,Plantae,Aquatic,Lagarosiphon major
R08062,Lagarosiphon major,IT,1969,Plantae,Aquatic,Lagarosiphon major
R08062,Lagarosiphon major,NL,2003,Plantae,Aquatic,Lagarosiphon major
R08062,Lagarosiphon major,PT,2010,Plantae,Aquatic,Lagarosiphon major
R08062,Lagarosiphon major,UK,1944,Plantae,Aquatic,Lagarosiphon major
R20061,Lampropeltis getula,BE,2014,Reptilia,Terrestrial,Lampropeltis getula
R20061,Lampropeltis getula,DE,2009,Reptilia,Terrestrial,Lampropeltis getula
R20061,Lampropeltis getula,ES,1998,Reptilia,Terrestrial,Lampropeltis getula
R20061,Lampropeltis getula,IT,2018,Reptilia,Terrestrial,Lampropeltis getula
R20061,Lampropeltis getula,NL,2008,Reptilia,Terrestrial,Lampropeltis getula
R20061,Lampropeltis getula,UK,1882,Reptilia,Terrestrial,Lampropeltis getula
R08376,Lepomis gibbosus,AT,2007,Pisces,Aquatic,Lepomis gibbosus
R08376,Lepomis gibbosus,BE,1885,Pisces,Aquatic,Lepomis gibbosus
R08376,Lepomis gibbosus,BG,1920,Pisces,Aquatic,Lepomis gibbosus
R08376,Lepomis gibbosus,CZ,1929,Pisces,Aquatic,Lepomis gibbosus
R08376,Lepomis gibbosus,DE,1880,Pisces,Aquatic,Lepomis gibbosus
R08376,Lepomis gibbosus,DK,1982,Pisces,Aquatic,Lepomis gibbosus
R08376,Lepomis gibbosus,ES,1910,Pisces,Aquatic,Lepomis gibbosus
R08376,Lepomis gibbosus,FR,1877,Pisces,Aquatic,Lepomis gibbosus
R08376,Lepomis gibbosus,EL,1981,Pisces,Aquatic,Lepomis gibbosus
R08376,Lepomis gibbosus,HR,1925,Pisces,Aquatic,Lepomis gibbosus
R08376,Lepomis gibbosus,HU,1905,Pisces,Aquatic,Lepomis gibbosus
R08376,Lepomis gibbosus,IT,1900,Pisces,Aquatic,Lepomis gibbosus
R08376,Lepomis gibbosus,LU,1996,Pisces,Aquatic,Lepomis gibbosus
R08376,Lepomis gibbosus,NL,1902,Pisces,Aquatic,Lepomis gibbosus
R08376,Lepomis gibbosus,PL,1927,Pisces,Aquatic,Lepomis gibbosus
R08376,Lepomis gibbosus,PT,1977,Pisces,Aquatic,Lepomis gibbosus
R08376,Lepomis gibbosus,RO,1918,Pisces,Aquatic,Lepomis gibbosus
R08376,Lepomis gibbosus,SE,2012,Pisces,Aquatic,Lepomis gibbosus
R08376,Lepomis gibbosus,SI,1899,Pisces,Aquatic,Lepomis gibbosus
R08376,Lepomis gibbosus,SK,1956,Pisces,Aquatic,Lepomis gibbosus
R08376,Lepomis gibbosus,UK,1914,Pisces,Aquatic,Lepomis gibbosus
R19709,Lespedeza cuneata,BE,2021,Plantae,Terrestrial,Lespedeza cuneata
R19709,Lespedeza cuneata,IT,1903,Plantae,Terrestrial,Lespedeza cuneata
R08679,Lithobates catesbeianus,BE,1996,Amphibia,Both,Lithobates catesbeianus
R08679,Lithobates catesbeianus,DE,1880,Amphibia,Both,Lithobates catesbeianus
R08679,Lithobates catesbeianus,FR,1968,Amphibia,Both,Lithobates catesbeianus
R08679,Lithobates catesbeianus,EL,1994,Amphibia,Both,Lithobates catesbeianus
R08679,Lithobates catesbeianus,IT,1932,Amphibia,Both,Lithobates catesbeianus
R08679,Lithobates catesbeianus,NL,1989,Amphibia,Both,Lithobates catesbeianus
R08679,Lithobates catesbeianus,SI,2014,Amphibia,Both,Lithobates catesbeianus
R08679,Lithobates catesbeianus,UK,1900,Amphibia,Both,Lithobates catesbeianus
R17663,Ludwigia grandiflora,AT,2016,Plantae,Aquatic,Ludwigia grandiflora
R17663,Ludwigia grandiflora,BE,1983,Plantae,Aquatic,Ludwigia grandiflora
R17663,Ludwigia grandiflora,DE,2009,Plantae,Aquatic,Ludwigia grandiflora
R17663,Ludwigia grandiflora,ES,1939,Plantae,Aquatic,Ludwigia grandiflora
R17663,Ludwigia grandiflora,FI,2020,Plantae,Aquatic,Ludwigia grandiflora
R17663,Ludwigia grandiflora,FR,1823,Plantae,Aquatic,Ludwigia grandiflora
R17663,Ludwigia grandiflora,HU,2005,Plantae,Aquatic,Ludwigia grandiflora
R17663,Ludwigia grandiflora,IE,2009,Plantae,Aquatic,Ludwigia grandiflora
R17663,Ludwigia grandiflora,IT,1500,Plantae,Aquatic,Ludwigia grandiflora
R17663,Ludwigia grandiflora,NL,1993,Plantae,Aquatic,Ludwigia grandiflora
R17663,Ludwigia grandiflora,PT,2020,Plantae,Aquatic,Ludwigia grandiflora
R17663,Ludwigia grandiflora,UK,2005,Plantae,Aquatic,Ludwigia grandiflora
R08830,Ludwigia peploides,BE,1995,Plantae,Aquatic,Ludwigia peploides
R08830,Ludwigia peploides,DE,2010,Plantae,Aquatic,Ludwigia peploides
R08830,Ludwigia peploides,EL,2001,Plantae,Aquatic,Ludwigia peploides
R08830,Ludwigia peploides,ES,1929,Plantae,Aquatic,Ludwigia peploides
R08830,Ludwigia peploides,FR,1830,Plantae,Aquatic,Ludwigia peploides
R08830,Ludwigia peploides,HR,2018,Plantae,Aquatic,Ludwigia peploides
R08830,Ludwigia peploides,HU,2018,Plantae,Aquatic,Ludwigia peploides
R08830,Ludwigia peploides,IT,1998,Plantae,Aquatic,Ludwigia peploides
R08830,Ludwigia peploides,NL,2003,Plantae,Aquatic,Ludwigia peploides
R08830,Ludwigia peploides,PT,2015,Plantae,Aquatic,Ludwigia peploides
R08830,Ludwigia peploides,RO,2020,Plantae,Aquatic,Ludwigia peploides
R19710,Lygodium japonicum,BE,1845,Plantae,Terrestrial,Lygodium japonicum
R19710,Lygodium japonicum,DE,1882,Plantae,Terrestrial,Lygodium japonicum
R19710,Lygodium japonicum,IT,1907,Plantae,Terrestrial,Lygodium japonicum
R19710,Lygodium japonicum,NL,1966,Plantae,Terrestrial,Lygodium japonicum
R19710,Lygodium japonicum,PL,1908,Plantae,Terrestrial,Lygodium japonicum
R19710,Lygodium japonicum,SE,2020,Plantae,Terrestrial,Lygodium japonicum
R08915,Lysichiton americanus,AT,2015,Plantae,Terrestrial,Lysichiton americanus
R08915,Lysichiton americanus,BE,1997,Plantae,Terrestrial,Lysichiton americanus
R08915,Lysichiton americanus,CZ,2022,Plantae,Terrestrial,Lysichiton americanus
R08915,Lysichiton americanus,DE,1982,Plantae,Terrestrial,Lysichiton americanus
R08915,Lysichiton americanus,DK,1981,Plantae,Terrestrial,Lysichiton americanus
R08915,Lysichiton americanus,FI,2005,Plantae,Terrestrial,Lysichiton americanus
R08915,Lysichiton americanus,FR,2001,Plantae,Terrestrial,Lysichiton americanus
R08915,Lysichiton americanus,IE,1930,Plantae,Terrestrial,Lysichiton americanus
R08915,Lysichiton americanus,LU,2022,Plantae,Terrestrial,Lysichiton americanus
R08915,Lysichiton americanus,NL,1944,Plantae,Terrestrial,Lysichiton americanus
R08915,Lysichiton americanus,PL,2020,Plantae,Terrestrial,Lysichiton americanus
R08915,Lysichiton americanus,SE,1975,Plantae,Terrestrial,Lysichiton americanus
R08915,Lysichiton americanus,SI,1975,Plantae,Terrestrial,Lysichiton americanus
R08915,Lysichiton americanus,UK,1901,Plantae,Terrestrial,Lysichiton americanus
R09459,Microstegium vimineum,BE,2021,Plantae,Terrestrial,Microstegium vimineum
R09640,Muntiacus reevesi,AT,2018,Mammalia,Terrestrial,Muntiacus reevesi
R09640,Muntiacus reevesi,BE,2005,Mammalia,Terrestrial,Muntiacus reevesi
R09640,Muntiacus reevesi,DE,2004,Mammalia,Terrestrial,Muntiacus reevesi
R09640,Muntiacus reevesi,DK,2005,Mammalia,Terrestrial,Muntiacus reevesi
R09640,Muntiacus reevesi,FR,1872,Mammalia,Terrestrial,Muntiacus reevesi
R09640,Muntiacus reevesi,IE,2011,Mammalia,Terrestrial,Muntiacus reevesi
R09640,Muntiacus reevesi,NL,1997,Mammalia,Terrestrial,Muntiacus reevesi
R09640,Muntiacus reevesi,UK,1894,Mammalia,Terrestrial,Muntiacus reevesi
R09720,Myocastor coypus,AT,1935,Mammalia,Both,Myocastor coypus
R09720,Myocastor coypus,BE,1930,Mammalia,Both,Myocastor coypus
R09720,Myocastor coypus,BG,1953,Mammalia,Both,Myocastor coypus
R09720,Myocastor coypus,CZ,1924,Mammalia,Both,Myocastor coypus
R09720,Myocastor coypus,DE,1880,Mammalia,Both,Myocastor coypus
R09720,Myocastor coypus,DK,1933,Mammalia,Both,Myocastor coypus
R09720,Myocastor coypus,EE,1971,Mammalia,Both,Myocastor coypus
R09720,Myocastor coypus,ES,1970,Mammalia,Both,Myocastor coypus
R09720,Myocastor coypus,FI,1967,Mammalia,Both,Myocastor coypus
R09720,Myocastor coypus,FR,1882,Mammalia,Both,Myocastor coypus
R09720,Myocastor coypus,EL,1965,Mammalia,Both,Myocastor coypus
R09720,Myocastor coypus,HR,1936,Mammalia,Both,Myocastor coypus
R09720,Myocastor coypus,HU,2017,Mammalia,Both,Myocastor coypus
R09720,Myocastor coypus,IE,2010,Mammalia,Both,Myocastor coypus
R09720,Myocastor coypus,IT,1928,Mammalia,Both,Myocastor coypus
R09720,Myocastor coypus,LT,2020,Mammalia,Both,Myocastor coypus
R09720,Myocastor coypus,LU,1954,Mammalia,Both,Myocastor coypus
R09720,Myocastor coypus,LV,2020,Mammalia,Both,Myocastor coypus
R09720,Myocastor coypus,NL,1930,Mammalia,Both,Myocastor coypus
R09720,Myocastor coypus,PL,1948,Mammalia,Both,Myocastor coypus
R09720,Myocastor coypus,PT,2003,Mammalia,Both,Myocastor coypus
R09720,Myocastor coypus,RO,1959,Mammalia,Both,Myocastor coypus
R09720,Myocastor coypus,SE,1967,Mammalia,Both,Myocastor coypus
R09720,Myocastor coypus,SI,1936,Mammalia,Both,Myocastor coypus
R09720,Myocastor coypus,SK,1950,Mammalia,Both,Myocastor coypus
R09720,Myocastor coypus,UK,1929,Mammalia,Both,Myocastor coypus
R18934,Myriophyllum aquaticum,AT,1988,Plantae,Terrestrial,Myriophyllum aquaticum
R18934,Myriophyllum aquaticum,BE,1972,Plantae,Terrestrial,Myriophyllum aquaticum
R18934,Myriophyllum aquaticum,DE,1980,Plantae,Terrestrial,Myriophyllum aquaticum
R18934,Myriophyllum aquaticum,ES,1971,Plantae,Terrestrial,Myriophyllum aquaticum
R18934,Myriophyllum aquaticum,FR,1880,Plantae,Terrestrial,Myriophyllum aquaticum
R18934,Myriophyllum aquaticum,HU,1968,Plantae,Terrestrial,Myriophyllum aquaticum
R18934,Myriophyllum aquaticum,IE,1988,Plantae,Terrestrial,Myriophyllum aquaticum
R18934,Myriophyllum aquaticum,IT,2014,Plantae,Terrestrial,Myriophyllum aquaticum
R18934,Myriophyllum aquaticum,LU,1990,Plantae,Terrestrial,Myriophyllum aquaticum
R18934,Myriophyllum aquaticum,NL,1898,Plantae,Terrestrial,Myriophyllum aquaticum
R18934,Myriophyllum aquaticum,PT,1936,Plantae,Terrestrial,Myriophyllum aquaticum
R18934,Myriophyllum aquaticum,RO,1947,Plantae,Terrestrial,Myriophyllum aquaticum
R18934,Myriophyllum aquaticum,SE,2012,Plantae,Terrestrial,Myriophyllum aquaticum
R18934,Myriophyllum aquaticum,UK,1960,Plantae,Terrestrial,Myriophyllum aquaticum
R09747,Myriophyllum heterophyllum,AT,1945,Plantae,Aquatic,Myriophyllum heterophyllum
R09747,Myriophyllum heterophyllum,BE,1945,Plantae,Aquatic,Myriophyllum heterophyllum
R09747,Myriophyllum heterophyllum,DE,1962,Plantae,Aquatic,Myriophyllum heterophyllum
R09747,Myriophyllum heterophyllum,ES,1987,Plantae,Aquatic,Myriophyllum heterophyllum
R09747,Myriophyllum heterophyllum,FR,2011,Plantae,Aquatic,Myriophyllum heterophyllum
R09747,Myriophyllum heterophyllum,HR,2000,Plantae,Aquatic,Myriophyllum heterophyllum
R09747,Myriophyllum heterophyllum,HU,2005,Plantae,Aquatic,Myriophyllum heterophyllum
R09747,Myriophyllum heterophyllum,NL,1999,Plantae,Aquatic,Myriophyllum heterophyllum
R09747,Myriophyllum heterophyllum,RO,2005,Plantae,Aquatic,Myriophyllum heterophyllum
R09747,Myriophyllum heterophyllum,SE,2019,Plantae,Aquatic,Myriophyllum heterophyllum
R09747,Myriophyllum heterophyllum,UK,2015,Plantae,Aquatic,Myriophyllum heterophyllum
R09857,Nasua nasua,BE,2016,Mammalia,Terrestrial,Nasua nasua
R09857,Nasua nasua,DE,2016,Mammalia,Terrestrial,Nasua nasua
R09857,Nasua nasua,DK,2019,Mammalia,Terrestrial,Nasua nasua
R09857,Nasua nasua,ES,2003,Mammalia,Terrestrial,Nasua nasua
R09857,Nasua nasua,HU,2024,Mammalia,Terrestrial,Nasua nasua
R09857,Nasua nasua,UK,2003,Mammalia,Terrestrial,Nasua nasua
R12278,Neltuma juliflora,BE,2018,Plantae,Terrestrial,Prosopis juliflora
R12278,Neltuma juliflora,ES,1989,Plantae,Terrestrial,Prosopis juliflora
R12278,Neltuma juliflora,FR,1845,Plantae,Terrestrial,Prosopis juliflora
R12278,Neltuma juliflora,HU,2019,Plantae,Terrestrial,Prosopis juliflora
R12278,Neltuma juliflora,PL,1974,Plantae,Terrestrial,Prosopis juliflora
R10085,Nyctereutes procyonoides,AT,1963,Mammalia,Terrestrial,Nyctereutes procyonoides
R10085,Nyctereutes procyonoides,BE,2010,Mammalia,Terrestrial,Nyctereutes procyonoides
R10085,Nyctereutes procyonoides,BG,1968,Mammalia,Terrestrial,Nyctereutes procyonoides
R10085,Nyctereutes procyonoides,CZ,1963,Mammalia,Terrestrial,Nyctereutes procyonoides
R10085,Nyctereutes procyonoides,DE,1961,Mammalia,Terrestrial,Nyctereutes procyonoides
R10085,Nyctereutes procyonoides,DK,1980,Mammalia,Terrestrial,Nyctereutes procyonoides
R10085,Nyctereutes procyonoides,EE,1950,Mammalia,Terrestrial,Nyctereutes procyonoides
R10085,Nyctereutes procyonoides,ES,2008,Mammalia,Terrestrial,Nyctereutes procyonoides
R10085,Nyctereutes procyonoides,FI,1935,Mammalia,Terrestrial,Nyctereutes procyonoides
R10085,Nyctereutes procyonoides,FR,1979,Mammalia,Terrestrial,Nyctereutes procyonoides
R10085,Nyctereutes procyonoides,EL,2009,Mammalia,Terrestrial,Nyctereutes procyonoides
R10085,Nyctereutes procyonoides,HR,1982,Mammalia,Terrestrial,Nyctereutes procyonoides
R10085,Nyctereutes procyonoides,HU,1961,Mammalia,Terrestrial,Nyctereutes procyonoides
R10085,Nyctereutes procyonoides,IT,1989,Mammalia,Terrestrial,Nyctereutes procyonoides
R10085,Nyctereutes procyonoides,LT,1948,Mammalia,Terrestrial,Nyctereutes procyonoides
R10085,Nyctereutes procyonoides,LU,2021,Mammalia,Terrestrial,Nyctereutes procyonoides
R10085,Nyctereutes procyonoides,LV,1947,Mammalia,Terrestrial,Nyctereutes procyonoides
R10085,Nyctereutes procyonoides,NL,1981,Mammalia,Terrestrial,Nyctereutes procyonoides
R10085,Nyctereutes procyonoides,PL,1955,Mammalia,Terrestrial,Nyctereutes procyonoides
R10085,Nyctereutes procyonoides,RO,1951,Mammalia,Terrestrial,Nyctereutes procyonoides
R10085,Nyctereutes procyonoides,SE,1945,Mammalia,Terrestrial,Nyctereutes procyonoides
R10085,Nyctereutes procyonoides,SI,1980,Mammalia,Terrestrial,Nyctereutes procyonoides
R10085,Nyctereutes procyonoides,SK,1959,Mammalia,Terrestrial,Nyctereutes procyonoides
R10085,Nyctereutes procyonoides,UK,1927,Mammalia,Terrestrial,Nyctereutes procyonoides
R10336,Ondatra zibethicus,AT,1905,Mammalia,Both,Ondatra zibethicus
R10336,Ondatra zibethicus,BE,1928,Mammalia,Both,Ondatra zibethicus
R10336,Ondatra zibethicus,BG,1956,Mammalia,Both,Ondatra zibethicus
R10336,Ondatra zibethicus,CZ,1905,Mammalia,Both,Ondatra zibethicus
R10336,Ondatra zibethicus,DE,1914,Mammalia,Both,Ondatra zibethicus
R10336,Ondatra zibethicus,DK,1989,Mammalia,Both,Ondatra zibethicus
R10336,Ondatra zibethicus,EE,1947,Mammalia,Both,Ondatra zibethicus
R10336,Ondatra zibethicus,ES,2004,Mammalia,Both,Ondatra zibethicus
R10336,Ondatra zibethicus,FI,1919,Mammalia,Both,Ondatra zibethicus
R10336,Ondatra zibethicus,FR,1928,Mammalia,Both,Ondatra zibethicus
R10336,Ondatra zibethicus,HR,1932,Mammalia,Both,Ondatra zibethicus
R10336,Ondatra zibethicus,HU,1905,Mammalia,Both,Ondatra zibethicus
R10336,Ondatra zibethicus,IE,1929,Mammalia,Both,Ondatra zibethicus
R10336,Ondatra zibethicus,IT,1993,Mammalia,Both,Ondatra zibethicus
R10336,Ondatra zibethicus,LT,1954,Mammalia,Both,Ondatra zibethicus
R10336,Ondatra zibethicus,LU,1954,Mammalia,Both,Ondatra zibethicus
R10336,Ondatra zibethicus,LV,1961,Mammalia,Both,Ondatra zibethicus
R10336,Ondatra zibethicus,NL,1941,Mammalia,Both,Ondatra zibethicus
R10336,Ondatra zibethicus,PL,1920,Mammalia,Both,Ondatra zibethicus
R10336,Ondatra zibethicus,RO,1905,Mammalia,Both,Ondatra zibethicus
R10336,Ondatra zibethicus,SE,1950,Mammalia,Both,Ondatra zibethicus
R10336,Ondatra zibethicus,SI,1933,Mammalia,Both,Ondatra zibethicus
R10336,Ondatra zibethicus,SK,1925,Mammalia,Both,Ondatra zibethicus
R10336,Ondatra zibethicus,UK,1927,Mammalia,Both,Ondatra zibethicus
R10652,Oxyura jamaicensis,AT,1991,Aves,Both,Oxyura jamaicensis
R10652,Oxyura jamaicensis,BE,1979,Aves,Both,Oxyura jamaicensis
R10652,Oxyura jamaicensis,DE,1982,Aves,Both,Oxyura jamaicensis
R10652,Oxyura jamaicensis,DK,1985,Aves,Both,Oxyura jamaicensis
R10652,Oxyura jamaicensis,ES,1982,Aves,Both,Oxyura jamaicensis
R10652,Oxyura jamaicensis,FI,1989,Aves,Both,Oxyura jamaicensis
R10652,Oxyura jamaicensis,FR,1974,Aves,Both,Oxyura jamaicensis
R10652,Oxyura jamaicensis,HU,1994,Aves,Both,Oxyura jamaicensis
R10652,Oxyura jamaicensis,IE,1973,Aves,Both,Oxyura jamaicensis
R10652,Oxyura jamaicensis,IT,1987,Aves,Both,Oxyura jamaicensis
R10652,Oxyura jamaicensis,NL,1973,Aves,Both,Oxyura jamaicensis
R10652,Oxyura jamaicensis,PL,1997,Aves,Both,Oxyura jamaicensis
R10652,Oxyura jamaicensis,PT,1989,Aves,Both,Oxyura jamaicensis
R10652,Oxyura jamaicensis,SE,1965,Aves,Both,Oxyura jamaicensis
R10652,Oxyura jamaicensis,UK,1948,Aves,Both,Oxyura jamaicensis
R10676,Pacifastacus leniusculus,AT,1970,Crustacea,Aquatic,Pacifastacus leniusculus
R10676,Pacifastacus leniusculus,BE,1905,Crustacea,Aquatic,Pacifastacus leniusculus
R10676,Pacifastacus leniusculus,CZ,1980,Crustacea,Aquatic,Pacifastacus leniusculus
R10676,Pacifastacus leniusculus,DE,1972,Crustacea,Aquatic,Pacifastacus leniusculus
R10676,Pacifastacus leniusculus,DK,1975,Crustacea,Aquatic,Pacifastacus leniusculus
R10676,Pacifastacus leniusculus,EE,2008,Crustacea,Aquatic,Pacifastacus leniusculus
R10676,Pacifastacus leniusculus,ES,1994,Crustacea,Aquatic,Pacifastacus leniusculus
R10676,Pacifastacus leniusculus,FI,1967,Crustacea,Aquatic,Pacifastacus leniusculus
R10676,Pacifastacus leniusculus,FR,1976,Crustacea,Aquatic,Pacifastacus leniusculus
R10676,Pacifastacus leniusculus,EL,1985,Crustacea,Aquatic,Pacifastacus leniusculus
R10676,Pacifastacus leniusculus,HR,2008,Crustacea,Aquatic,Pacifastacus leniusculus
R10676,Pacifastacus leniusculus,HU,1998,Crustacea,Aquatic,Pacifastacus leniusculus
R10676,Pacifastacus leniusculus,IT,1981,Crustacea,Aquatic,Pacifastacus leniusculus
R10676,Pacifastacus leniusculus,LT,1971,Crustacea,Aquatic,Pacifastacus leniusculus
R10676,Pacifastacus leniusculus,LU,1977,Crustacea,Aquatic,Pacifastacus leniusculus
R10676,Pacifastacus leniusculus,LV,1983,Crustacea,Aquatic,Pacifastacus leniusculus
R10676,Pacifastacus leniusculus,MT,2016,Crustacea,Aquatic,Pacifastacus leniusculus
R10676,Pacifastacus leniusculus,NL,2004,Crustacea,Aquatic,Pacifastacus leniusculus
R10676,Pacifastacus leniusculus,PL,1971,Crustacea,Aquatic,Pacifastacus leniusculus
R10676,Pacifastacus leniusculus,PT,1997,Crustacea,Aquatic,Pacifastacus leniusculus
R10676,Pacifastacus leniusculus,SE,1960,Crustacea,Aquatic,Pacifastacus leniusculus
R10676,Pacifastacus leniusculus,SI,2003,Crustacea,Aquatic,Pacifastacus leniusculus
R10676,Pacifastacus leniusculus,SK,2006,Crustacea,Aquatic,Pacifastacus leniusculus
R10676,Pacifastacus leniusculus,UK,1983,Crustacea,Aquatic,Pacifastacus leniusculus
R10890,Parthenium hysterophorus,BE,1999,Plantae,Terrestrial,Parthenium hysterophorus
R10890,Parthenium hysterophorus,ES,1785,Plantae,Terrestrial,Parthenium hysterophorus
R10890,Parthenium hysterophorus,FR,2017,Plantae,Terrestrial,Parthenium hysterophorus
R10890,Parthenium hysterophorus,NL,1938,Plantae,Terrestrial,Parthenium hysterophorus
R10890,Parthenium hysterophorus,PL,1938,Plantae,Terrestrial,Parthenium hysterophorus
R10890,Parthenium hysterophorus,RO,2020,Plantae,Terrestrial,Parthenium hysterophorus
R10890,Parthenium hysterophorus,SE,1937,Plantae,Terrestrial,Parthenium hysterophorus
R11034,Perccottus glenii,BG,2005,Pisces,Aquatic,Perccottus glenii
R11034,Perccottus glenii,CZ,2023,Pisces,Aquatic,Perccottus glenii
R11034,Perccottus glenii,DE,1962,Pisces,Aquatic,Perccottus glenii
R11034,Perccottus glenii,EE,2005,Pisces,Aquatic,Perccottus glenii
R11034,Perccottus glenii,HR,2008,Pisces,Aquatic,Perccottus glenii
R11034,Perccottus glenii,HU,1995,Pisces,Aquatic,Perccottus glenii
R11034,Perccottus glenii,LT,1985,Pisces,Aquatic,Perccottus glenii
R11034,Perccottus glenii,LV,1995,Pisces,Aquatic,Perccottus glenii
R11034,Perccottus glenii,PL,1993,Pisces,Aquatic,Perccottus glenii
R11034,Perccottus glenii,RO,2001,Pisces,Aquatic,Perccottus glenii
R11034,Perccottus glenii,SK,1998,Pisces,Aquatic,Perccottus glenii
R19287,Persicaria perfoliata,BE,2015,Plantae,Terrestrial,Persicaria perfoliata
R19287,Persicaria perfoliata,NL,2018,Plantae,Terrestrial,Persicaria perfoliata
R19287,Persicaria perfoliata,UK,1980,Plantae,Terrestrial,Persicaria perfoliata
R11671,Pistia stratiotes,AT,1980,Plantae,Aquatic,Pistia stratiotes
R11671,Pistia stratiotes,BE,2000,Plantae,Aquatic,Pistia stratiotes
R11671,Pistia stratiotes,CZ,1991,Plantae,Aquatic,Pistia stratiotes
R11671,Pistia stratiotes,DE,1971,Plantae,Aquatic,Pistia stratiotes
R11671,Pistia stratiotes,ES ,1900,Plantae,Aquatic,Pistia stratiotes
R11671,Pistia stratiotes,FI,2023,Plantae,Aquatic,Pistia stratiotes
R11671,Pistia stratiotes,FR,1900,Plantae,Aquatic,Pistia stratiotes
R11671,Pistia stratiotes,HR,2017,Plantae,Aquatic,Pistia stratiotes
R11671,Pistia stratiotes,HU,1966,Plantae,Aquatic,Pistia stratiotes
R11671,Pistia stratiotes,IT,1998,Plantae,Aquatic,Pistia stratiotes
R11671,Pistia stratiotes,NL,1965,Plantae,Aquatic,Pistia stratiotes
R11671,Pistia stratiotes,PL,2021,Plantae,Aquatic,Pistia stratiotes
R11671,Pistia stratiotes,PT,1900,Plantae,Aquatic,Pistia stratiotes
R11671,Pistia stratiotes,RO,1979,Plantae,Aquatic,Pistia stratiotes
R11671,Pistia stratiotes,SE,1900,Plantae,Aquatic,Pistia stratiotes
R11671,Pistia stratiotes,SI,2000,Plantae,Aquatic,Pistia stratiotes
R11671,Pistia stratiotes,SK,2007,Plantae,Aquatic,Pistia stratiotes
R11671,Pistia stratiotes,UK,1983,Plantae,Aquatic,Pistia stratiotes
R11839,Plotosus lineatus,CY,2023,Pisces,Aquatic,Plotosus lineatus
R05440,Pontederia crassipes,BE,2001,Plantae,Aquatic,Eichhornia crassipes
R05440,Pontederia crassipes,CZ,1991,Plantae,Aquatic,Eichhornia crassipes
R05440,Pontederia crassipes,DE,1980,Plantae,Aquatic,Eichhornia crassipes
R05440,Pontederia crassipes,DK,2000,Plantae,Aquatic,Eichhornia crassipes
R05440,Pontederia crassipes,ES,1859,Plantae,Aquatic,Eichhornia crassipes
R05440,Pontederia crassipes,FR,1829,Plantae,Aquatic,Eichhornia crassipes
R05440,Pontederia crassipes,HU,1950,Plantae,Aquatic,Eichhornia crassipes
R05440,Pontederia crassipes,IT,1924,Plantae,Aquatic,Eichhornia crassipes
R05440,Pontederia crassipes,MT,2018,Plantae,Aquatic,Eichhornia crassipes
R05440,Pontederia crassipes,NL,1917,Plantae,Aquatic,Eichhornia crassipes
R05440,Pontederia crassipes,PL,2020,Plantae,Aquatic,Eichhornia crassipes
R05440,Pontederia crassipes,PT,1940,Plantae,Aquatic,Eichhornia crassipes
R05440,Pontederia crassipes,SE,1980,Plantae,Aquatic,Eichhornia crassipes
R05440,Pontederia crassipes,SK,1992,Plantae,Aquatic,Eichhornia crassipes
R05440,Pontederia crassipes,UK,1823,Plantae,Aquatic,Eichhornia crassipes
R12250,Procambarus clarkii,AT,2005,Crustacea,Aquatic,Procambarus clarkii
R12250,Procambarus clarkii,BE,1983,Crustacea,Aquatic,Procambarus clarkii
R12250,Procambarus clarkii,CY,1984,Crustacea,Aquatic,Procambarus clarkii
R12250,Procambarus clarkii,DE,1985,Crustacea,Aquatic,Procambarus clarkii
R12250,Procambarus clarkii,ES,1973,Crustacea,Aquatic,Procambarus clarkii
R12250,Procambarus clarkii,FR,1975,Crustacea,Aquatic,Procambarus clarkii
R12250,Procambarus clarkii,EL,2023,Crustacea,Aquatic,Procambarus clarkii
R12250,Procambarus clarkii,HU,2015,Crustacea,Aquatic,Procambarus clarkii
R12250,Procambarus clarkii,IT,1989,Crustacea,Aquatic,Procambarus clarkii
R12250,Procambarus clarkii,MT,2016,Crustacea,Aquatic,Procambarus clarkii
R12250,Procambarus clarkii,NL,1985,Crustacea,Aquatic,Procambarus clarkii
R12250,Procambarus clarkii,PL,2018,Crustacea,Aquatic,Procambarus clarkii
R12250,Procambarus clarkii,PT,1979,Crustacea,Aquatic,Procambarus clarkii
R12250,Procambarus clarkii,UK,1991,Crustacea,Aquatic,Procambarus clarkii
R17660,Procambarus virginalis,AT,2018,Crustacea,Aquatic,Procambarus virginalis
R17660,Procambarus virginalis,BE,2020,Crustacea,Aquatic,Procambarus virginalis
R17660,Procambarus virginalis,CZ,2015,Crustacea,Aquatic,Procambarus virginalis
R17660,Procambarus virginalis,DE,2003,Crustacea,Aquatic,Procambarus virginalis
R17660,Procambarus virginalis,EE,2017,Crustacea,Aquatic,Procambarus virginalis
R17660,Procambarus virginalis,ES,2022,Crustacea,Aquatic,Procambarus virginalis
R17660,Procambarus virginalis,FR,2019,Crustacea,Aquatic,Procambarus virginalis
R17660,Procambarus virginalis,HR,2014,Crustacea,Aquatic,Procambarus virginalis
R17660,Procambarus virginalis,HU,2014,Crustacea,Aquatic,Procambarus virginalis
R17660,Procambarus virginalis,IT,2008,Crustacea,Aquatic,Procambarus virginalis
R17660,Procambarus virginalis,MT,2016,Crustacea,Aquatic,Procambarus virginalis
R17660,Procambarus virginalis,NL,2004,Crustacea,Aquatic,Procambarus virginalis
R17660,Procambarus virginalis,PL,2009,Crustacea,Aquatic,Procambarus virginalis
R17660,Procambarus virginalis,RO,2017,Crustacea,Aquatic,Procambarus virginalis
R17660,Procambarus virginalis,SE,2012,Crustacea,Aquatic,Procambarus virginalis
R17660,Procambarus virginalis,SK,2010,Crustacea,Aquatic,Procambarus virginalis
R12260,Procyon lotor,AT,1974,Mammalia,Terrestrial,Procyon lotor
R12260,Procyon lotor,BE,1986,Mammalia,Terrestrial,Procyon lotor
R12260,Procyon lotor,CZ,1925,Mammalia,Terrestrial,Procyon lotor
R12260,Procyon lotor,DE,1927,Mammalia,Terrestrial,Procyon lotor
R12260,Procyon lotor,DK,1978,Mammalia,Terrestrial,Procyon lotor
R12260,Procyon lotor,ES,1998,Mammalia,Terrestrial,Procyon lotor
R12260,Procyon lotor,FR,1934,Mammalia,Terrestrial,Procyon lotor
R12260,Procyon lotor,EL,2014,Mammalia,Terrestrial,Procyon lotor
R12260,Procyon lotor,HR,1937,Mammalia,Terrestrial,Procyon lotor
R12260,Procyon lotor,HU,1982,Mammalia,Terrestrial,Procyon lotor
R12260,Procyon lotor,IE,2011,Mammalia,Terrestrial,Procyon lotor
R12260,Procyon lotor,IT,2004,Mammalia,Terrestrial,Procyon lotor
R12260,Procyon lotor,LT,2011,Mammalia,Terrestrial,Procyon lotor
R12260,Procyon lotor,LU,1977,Mammalia,Terrestrial,Procyon lotor
R12260,Procyon lotor,NL,1960,Mammalia,Terrestrial,Procyon lotor
R12260,Procyon lotor,PL,1930,Mammalia,Terrestrial,Procyon lotor
R12260,Procyon lotor,SE,2010,Mammalia,Terrestrial,Procyon lotor
R12260,Procyon lotor,SI,1990,Mammalia,Terrestrial,Procyon lotor
R12260,Procyon lotor,SK,1993,Mammalia,Terrestrial,Procyon lotor
R12260,Procyon lotor,UK,1980,Mammalia,Terrestrial,Procyon lotor
R12451,Pseudorasbora parva,AT,1982,Pisces,Aquatic,Pseudorasbora parva
R12451,Pseudorasbora parva,BE,1989,Pisces,Aquatic,Pseudorasbora parva
R12451,Pseudorasbora parva,BG,1979,Pisces,Aquatic,Pseudorasbora parva
R12451,Pseudorasbora parva,CZ,1960,Pisces,Aquatic,Pseudorasbora parva
R12451,Pseudorasbora parva,DE,1984,Pisces,Aquatic,Pseudorasbora parva
R12451,Pseudorasbora parva,DK,2002,Pisces,Aquatic,Pseudorasbora parva
R12451,Pseudorasbora parva,ES,2001,Pisces,Aquatic,Pseudorasbora parva
R12451,Pseudorasbora parva,FR,1979,Pisces,Aquatic,Pseudorasbora parva
R12451,Pseudorasbora parva,EL,1970,Pisces,Aquatic,Pseudorasbora parva
R12451,Pseudorasbora parva,HR,1985,Pisces,Aquatic,Pseudorasbora parva
R12451,Pseudorasbora parva,HU,1970,Pisces,Aquatic,Pseudorasbora parva
R12451,Pseudorasbora parva,IT,1988,Pisces,Aquatic,Pseudorasbora parva
R12451,Pseudorasbora parva,LT,1963,Pisces,Aquatic,Pseudorasbora parva
R12451,Pseudorasbora parva,LU,2005,Pisces,Aquatic,Pseudorasbora parva
R12451,Pseudorasbora parva,NL,1992,Pisces,Aquatic,Pseudorasbora parva
R12451,Pseudorasbora parva,PL,1990,Pisces,Aquatic,Pseudorasbora parva
R12451,Pseudorasbora parva,RO,1960,Pisces,Aquatic,Pseudorasbora parva
R12451,Pseudorasbora parva,SI,1986,Pisces,Aquatic,Pseudorasbora parva
R12451,Pseudorasbora parva,SK,1960,Pisces,Aquatic,Pseudorasbora parva
R12451,Pseudorasbora parva,UK,1996,Pisces,Aquatic,Pseudorasbora parva
R12644,Pueraria montana (Lour.) Merr. var. lobata,AT,1916,Plantae,Terrestrial,Pueraria montana
R12644,Pueraria montana (Lour.) Merr. var. lobata,ES,1959,Plantae,Terrestrial,Pueraria montana
R12644,Pueraria montana (Lour.) Merr. var. lobata,HR,1917,Plantae,Terrestrial,Pueraria montana
R12644,Pueraria montana (Lour.) Merr. var. lobata,IT,1940,Plantae,Terrestrial,Pueraria montana
R12644,Pueraria montana (Lour.) Merr. var. lobata,PT,1962,Plantae,Terrestrial,Pueraria montana
R12644,Pueraria montana (Lour.) Merr. var. lobata,SI,1950,Plantae,Terrestrial,Pueraria montana
R12684,Pycnonotus cafer,ES,2003,Aves,Terrestrial,Pycnonotus cafer
R13229,Rugulopteryx okamurae,ES,2015,Plantae,Aquatic,Rugulopteryx okamurae
R13229,Rugulopteryx okamurae,FR,2002,Plantae,Aquatic,Rugulopteryx okamurae
R13229,Rugulopteryx okamurae,PT,1900,Plantae,Aquatic,Rugulopteryx okamurae
R13229,Rugulopteryx okamurae,IT,2023,Plantae,Aquatic,Rugulopteryx okamurae
R13499,Salvinia molesta,AT,2002,Plantae,Aquatic,Salvinia molesta
R13499,Salvinia molesta,BE,1999,Plantae,Aquatic,Salvinia molesta
R13499,Salvinia molesta,DE,2011,Plantae,Aquatic,Salvinia molesta
R13499,Salvinia molesta,DK,1988,Plantae,Aquatic,Salvinia molesta
R13499,Salvinia molesta,ES,1999,Plantae,Aquatic,Salvinia molesta
R13499,Salvinia molesta,FR,2010,Plantae,Aquatic,Salvinia molesta
R13499,Salvinia molesta,HU,2012,Plantae,Aquatic,Salvinia molesta
R13499,Salvinia molesta,IT,2000,Plantae,Aquatic,Salvinia molesta
R13499,Salvinia molesta,NL,1991,Plantae,Aquatic,Salvinia molesta
R13499,Salvinia molesta,PT,2008,Plantae,Aquatic,Salvinia molesta
R13499,Salvinia molesta,SE,2012,Plantae,Aquatic,Salvinia molesta
R13499,Salvinia molesta,UK,2016,Plantae,Aquatic,Salvinia molesta
R13698,Sciurus carolinensis,BE,1998,Mammalia,Terrestrial,Sciurus carolinensis
R13698,Sciurus carolinensis,DE,2016,Mammalia,Terrestrial,Sciurus carolinensis
R13698,Sciurus carolinensis,FR,2019,Mammalia,Terrestrial,Sciurus carolinensis
R13698,Sciurus carolinensis,IE,1911,Mammalia,Terrestrial,Sciurus carolinensis
R13698,Sciurus carolinensis,IT,1948,Mammalia,Terrestrial,Sciurus carolinensis
R13698,Sciurus carolinensis,NL,2010,Mammalia,Terrestrial,Sciurus carolinensis
R13698,Sciurus carolinensis,UK,1876,Mammalia,Terrestrial,Sciurus carolinensis
R19317,Sciurus niger,NL,2011,Mammalia,Terrestrial,Sciurus niger
R14285,Solenopsis geminata,CY,1997,Insecta,Terrestrial,Solenopsis geminata
R14285,Solenopsis geminata,EL,1982,Insecta,Terrestrial,Solenopsis geminata
R14285,Solenopsis geminata,IT,1861,Insecta,Terrestrial,Solenopsis geminata
R14285,Solenopsis geminata,NL,1992,Insecta,Terrestrial,Solenopsis geminata
R14285,Solenopsis geminata,UK,1932,Insecta,Terrestrial,Solenopsis geminata
R20064,Solenopsis invicta,IT,2018,Insecta,Terrestrial,Solenopsis invicta
R14882,Tamias sibiricus,AT,1957,Mammalia,Terrestrial,Tamias sibiricus
R14882,Tamias sibiricus,BE,1965,Mammalia,Terrestrial,Tamias sibiricus
R14882,Tamias sibiricus,DE,1960,Mammalia,Terrestrial,Tamias sibiricus
R14882,Tamias sibiricus,DK,2001,Mammalia,Terrestrial,Tamias sibiricus
R14882,Tamias sibiricus,ES,2005,Mammalia,Terrestrial,Tamias sibiricus
R14882,Tamias sibiricus,FR,1965,Mammalia,Terrestrial,Tamias sibiricus
R14882,Tamias sibiricus,EL,2009,Mammalia,Terrestrial,Tamias sibiricus
R14882,Tamias sibiricus,IE,2007,Mammalia,Terrestrial,Tamias sibiricus
R14882,Tamias sibiricus,IT,1970,Mammalia,Terrestrial,Tamias sibiricus
R14882,Tamias sibiricus,NL,1972,Mammalia,Terrestrial,Tamias sibiricus
R14882,Tamias sibiricus,SE,2005,Mammalia,Terrestrial,Tamias sibiricus
R14882,Tamias sibiricus,UK,1999,Mammalia,Terrestrial,Tamias sibiricus
R15136,Threskiornis aethiopicus,AT,1999,Aves,Both,Threskiornis aethiopicus
R15136,Threskiornis aethiopicus,BE,2001,Aves,Both,Threskiornis aethiopicus
R15136,Threskiornis aethiopicus,CZ,2018,Aves,Both,Threskiornis aethiopicus
R15136,Threskiornis aethiopicus,DE,2018,Aves,Both,Threskiornis aethiopicus
R15136,Threskiornis aethiopicus,DK,1994,Aves,Both,Threskiornis aethiopicus
R15136,Threskiornis aethiopicus,ES,1997,Aves,Both,Threskiornis aethiopicus
R15136,Threskiornis aethiopicus,FR,1975,Aves,Both,Threskiornis aethiopicus
R15136,Threskiornis aethiopicus,HU,2008,Aves,Both,Threskiornis aethiopicus
R15136,Threskiornis aethiopicus,IT,1989,Aves,Both,Threskiornis aethiopicus
R15136,Threskiornis aethiopicus,NL,2001,Aves,Both,Threskiornis aethiopicus
R15136,Threskiornis aethiopicus,PT,1998,Aves,Both,Threskiornis aethiopicus
R15136,Threskiornis aethiopicus,SK,2008,Aves,Both,Threskiornis aethiopicus
R15136,Threskiornis aethiopicus,UK,2012,Aves,Both,Threskiornis aethiopicus
R18154,Trachemys scripta,AT,1988,Reptilia,Both,Trachemys scripta elegans
R18154,Trachemys scripta,BE,1999,Reptilia,Both,Trachemys scripta elegans
R18154,Trachemys scripta,BG,1996,Reptilia,Both,Trachemys scripta elegans
R18154,Trachemys scripta,CY,2016,Reptilia,Both,Trachemys scripta elegans
R18154,Trachemys scripta,CZ,1960,Reptilia,Both,Trachemys scripta elegans
R18154,Trachemys scripta,DE,2006,Reptilia,Both,Trachemys scripta elegans
R18154,Trachemys scripta,DK,1962,Reptilia,Both,Trachemys scripta elegans
R18154,Trachemys scripta,ES,1996,Reptilia,Both,Trachemys scripta elegans
R18154,Trachemys scripta,FI,1996,Reptilia,Both,Trachemys scripta elegans
R18154,Trachemys scripta,FR,1970,Reptilia,Both,Trachemys scripta elegans
R18154,Trachemys scripta,EL,1998,Reptilia,Both,Trachemys scripta elegans
R18154,Trachemys scripta,HR,1999,Reptilia,Both,Trachemys scripta elegans
R18154,Trachemys scripta,HU,1965,Reptilia,Both,Trachemys scripta elegans
R18154,Trachemys scripta,IE,2009,Reptilia,Both,Trachemys scripta elegans
R18154,Trachemys scripta,IT,1972,Reptilia,Both,Trachemys scripta elegans
R18154,Trachemys scripta,LT,1999,Reptilia,Both,Trachemys scripta elegans
R18154,Trachemys scripta,LU,2015,Reptilia,Both,Trachemys scripta elegans
R18154,Trachemys scripta,LV,2006,Reptilia,Both,Trachemys scripta elegans
R18154,Trachemys scripta,MT,2007,Reptilia,Both,Trachemys scripta elegans
R18154,Trachemys scripta,NL,1999,Reptilia,Both,Trachemys scripta elegans
R18154,Trachemys scripta,PL,1995,Reptilia,Both,Trachemys scripta elegans
R18154,Trachemys scripta,PT,1999,Reptilia,Both,Trachemys scripta elegans
R18154,Trachemys scripta,RO,1989,Reptilia,Both,Trachemys scripta elegans
R18154,Trachemys scripta,SE,1975,Reptilia,Both,Trachemys scripta elegans
R18154,Trachemys scripta,SI,2006,Reptilia,Both,Trachemys scripta elegans
R18154,Trachemys scripta,SK,2016,Reptilia,Both,Trachemys scripta elegans
R18154,Trachemys scripta,UK,1985,Reptilia,Both,Trachemys scripta elegans
R15336,Triadica sebifera,DE,2018,Plantae,Terrestrial,Triadica sebifera
R15336,Triadica sebifera,ES,2005,Plantae,Terrestrial,Triadica sebifera
R15336,Triadica sebifera,FR,1829,Plantae,Terrestrial,Triadica sebifera
R15336,Triadica sebifera,IT,1820,Plantae,Terrestrial,Triadica sebifera
R15336,Triadica sebifera,NL,1993,Plantae,Terrestrial,Triadica sebifera
R15336,Triadica sebifera,PT,2018,Plantae,Terrestrial,Triadica sebifera
R15336,Triadica sebifera,UK,1703,Plantae,Terrestrial,Triadica sebifera
R07276,Urva auropunctata,HR,1910,Mammalia,Terrestrial,Herpestes javanicus
R15970,Vespa velutina nigrithorax,AT,2024,Insecta,Terrestrial,Vespa velutina nigrithorax
R15970,Vespa velutina nigrithorax,BE,2011,Insecta,Terrestrial,Vespa velutina nigrithorax
R15970,Vespa velutina nigrithorax,CZ,2023,Insecta,Terrestrial,Vespa velutina nigrithorax
R15970,Vespa velutina nigrithorax,DE,2014,Insecta,Terrestrial,Vespa velutina nigrithorax
R15970,Vespa velutina nigrithorax,ES,2010,Insecta,Terrestrial,Vespa velutina nigrithorax
R15970,Vespa velutina nigrithorax,FR,2004,Insecta,Terrestrial,Vespa velutina nigrithorax
R15970,Vespa velutina nigrithorax,HU,2023,Insecta,Terrestrial,Vespa velutina nigrithorax
R15970,Vespa velutina nigrithorax,IE,2021,Insecta,Terrestrial,Vespa velutina nigrithorax
R15970,Vespa velutina nigrithorax,IT,2013,Insecta,Terrestrial,Vespa velutina nigrithorax
R15970,Vespa velutina nigrithorax,LU,2020,Insecta,Terrestrial,Vespa velutina nigrithorax
R15970,Vespa velutina nigrithorax,NL,2017,Insecta,Terrestrial,Vespa velutina nigrithorax
R15970,Vespa velutina nigrithorax,PT,2011,Insecta,Terrestrial,Vespa velutina nigrithorax
R15970,Vespa velutina nigrithorax,UK,2016,Insecta,Terrestrial,Vespa velutina nigrithorax
R20062,Wasmannia auropunctata,CY,2022,Insecta,Terrestrial,Wasmannia auropunctata
R20062,Wasmannia auropunctata,ES,1993,Insecta,Terrestrial,Wasmannia auropunctata
R20062,Wasmannia auropunctata,FR,2019,Insecta,Terrestrial,Wasmannia auropunctata
R20062,Wasmannia auropunctata,IT,2006,Insecta,Terrestrial,Wasmannia auropunctata
R20062,Wasmannia auropunctata,NL,1988,Insecta,Terrestrial,Wasmannia auropunctata
R20062,Wasmannia auropunctata,UK,1907,Insecta,Terrestrial,Wasmannia auropunctata
R16225,Xenopus laevis,DE,1959,Amphibia,Aquatic,Xenopus laevis
R16225,Xenopus laevis,ES,2007,Amphibia,Aquatic,Xenopus laevis
R16225,Xenopus laevis,FR,1981,Amphibia,Aquatic,Xenopus laevis
R16225,Xenopus laevis,IT,1999,Amphibia,Aquatic,Xenopus laevis
R16225,Xenopus laevis,NL,2022,Amphibia,Aquatic,Xenopus laevis
R16225,Xenopus laevis,PT,1979,Amphibia,Aquatic,Xenopus laevis
R16225,Xenopus laevis,UK,1979,Amphibia,Aquatic,Xenopus laevis